Provincia,Region,Año,Tipo_Año,Escenario,Población_Total,Población_18_65,Tasa_Donacion_x1000,Donantes_Anuales,Donantes_OMS_Necesarios,Brecha_Donantes,Pct_Cumplimiento_OMS,Pct_Educacion_Superior,Tasa_Desempleo,Centros_Hemoterapia,Campañas_Donacion_Anuales,Casos_Dengue_Anual
Buenos Aires,Centro,2025,Proyectado,base,17663024,11323618,22.355130914502165,394859.0,529891,135032.0,74.52,24.843000000000302,6.873999999999796,12.0,380.0,263041.0
Buenos Aires,Centro,2026,Proyectado,base,17820752,11424736,22.446202440476192,400008.0,534623,134615.0,74.82,25.13600000000031,6.373999999999796,14.0,428.0,328043.0
Buenos Aires,Centro,2027,Proyectado,base,17978480,11525854,22.55485410714286,405502.0,539354,133852.0,75.18,25.429000000000315,5.873999999999796,15.0,477.0,393046.0
Buenos Aires,Centro,2028,Proyectado,base,18136207,11626972,22.773409642857136,413023.0,544086,131063.0,75.91,25.72200000000032,5.373999999999796,17.0,525.0,458048.0
Buenos Aires,Centro,2029,Proyectado,base,18293935,11728090,22.8085500595238,417258.0,548818,131560.0,76.03,26.015000000000327,4.873999999999796,19.0,574.0,523051.0
Buenos Aires,Centro,2030,Proyectado,base,18451662,11829208,22.818834226190464,421045.0,553550,132505.0,76.06,26.308000000000334,4.37399999999991,20.0,623.0,588053.0
Buenos Aires,Centro,2015,Histórico,historico,16181153,10373602,18.21,294659.0,485435,190776.0,60.7,21.64,8.51,4.0,171.0,441.0
Buenos Aires,Centro,2016,Histórico,historico,16260980,10424779,19.98,324894.0,487829,162935.0,66.6,22.54,7.74,4.0,230.0,650.0
Buenos Aires,Centro,2017,Histórico,historico,16495733,10575277,19.71,325131.0,494872,169741.0,65.7,23.04,7.63,4.0,218.0,381.0
Buenos Aires,Centro,2018,Histórico,historico,16653666,10676526,21.16,352392.0,499610,147218.0,70.53,22.75,8.42,4.0,254.0,378.0
Buenos Aires,Centro,2019,Histórico,historico,16658192,10679428,21.98,366147.0,499746,133599.0,73.27,22.69,7.72,3.0,257.0,59.0
Buenos Aires,Centro,2020,Histórico,historico,16841026,10796641,16.7,281245.0,505231,223986.0,55.67,22.97,9.46,3.0,165.0,6235.0
Buenos Aires,Centro,2021,Histórico,historico,17065781,10940730,16.68,284657.0,511973,227316.0,55.6,23.94,9.53,7.0,133.0,18.0
Buenos Aires,Centro,2022,Histórico,historico,17196441,11024495,20.32,349432.0,515893,166461.0,67.73,24.27,7.16,8.0,243.0,150.0
Buenos Aires,Centro,2023,Histórico,historico,17366811,11133718,22.32,387627.0,521004,133377.0,74.4,24.47,7.99,9.0,307.0,5015.0
Buenos Aires,Centro,2024,Histórico,historico,17479149,11205737,22.64,395728.0,524374,128646.0,75.47,24.17,7.73,10.0,321.0,328749.0
Buenos Aires,Centro,2025,Proyectado,optimista,17663024,11323618,22.34319758116883,394648.0,529891,135243.0,74.48,27.327300000000335,6.873999999999796,13.799999999999999,570.0,263041.0
Buenos Aires,Centro,2026,Proyectado,optimista,17820752,11424736,22.446202440476192,400008.0,534623,134615.0,74.82,27.64960000000034,6.373999999999796,16.099999999999998,642.0,328043.0
Buenos Aires,Centro,2027,Proyectado,optimista,17978480,11525854,22.554854107142855,405502.0,539354,133852.0,75.18,27.97190000000035,5.873999999999796,17.25,715.5,393046.0
Buenos Aires,Centro,2028,Proyectado,optimista,18136207,11626972,22.801974642857136,413541.0,544086,130545.0,76.01,28.294200000000355,5.373999999999796,19.549999999999997,787.5,458048.0
Buenos Aires,Centro,2029,Proyectado,optimista,18293935,11728090,22.8085500595238,417258.0,548818,131560.0,76.03,28.61650000000036,4.873999999999796,21.849999999999998,861.0,523051.0
Buenos Aires,Centro,2030,Proyectado,optimista,18451662,11829208,22.81883422619047,421045.0,553550,132505.0,76.06,28.93880000000037,4.37399999999991,23.0,934.5,588053.0
Buenos Aires,Centro,2025,Proyectado,pesimista,17663024,11323618,22.260801390692635,393193.0,529891,136698.0,74.2,24.843000000000302,8.248799999999756,12.0,323.0,394561.5
Buenos Aires,Centro,2026,Proyectado,pesimista,17820752,11424736,22.38976736111111,399002.0,534623,135621.0,74.63,25.13600000000031,7.648799999999755,14.0,363.8,492064.5
Buenos Aires,Centro,2027,Proyectado,pesimista,17978480,11525854,22.477809345238093,404117.0,539354,135237.0,74.93,25.429000000000315,7.048799999999756,15.0,405.45,589569.0
Buenos Aires,Centro,2028,Proyectado,pesimista,18136207,11626972,22.52853994047618,408582.0,544086,135504.0,75.1,25.72200000000032,6.448799999999755,17.0,446.25,687072.0
Buenos Aires,Centro,2029,Proyectado,pesimista,18293935,11728090,22.647065654761892,414304.0,548818,134514.0,75.49,26.015000000000327,5.8487999999997555,19.0,487.9,784576.5
Buenos Aires,Centro,2030,Proyectado,pesimista,18451662,11829208,22.8215113095238,421095.0,553550,132455.0,76.07,26.308000000000334,5.248799999999892,20.0,529.55,882079.5
CABA,Centro,2025,Proyectado,base,3154136,2013544,22.115115238095232,69754.0,94624,24870.0,73.72,24.224999999999895,6.415999999999713,3.0,79.0,55989.0
CABA,Centro,2026,Proyectado,base,3182230,2031479,22.379230535714278,71216.0,95467,24251.0,74.6,24.215999999999866,5.589999999999691,3.0,91.0,69287.0
CABA,Centro,2027,Proyectado,base,3210324,2049414,22.608092499999998,72579.0,96310,23731.0,75.36,24.206999999999837,4.763999999999669,3.0,103.0,82584.0
CABA,Centro,2028,Proyectado,base,3238418,2067349,22.594995595238093,73172.0,97153,23981.0,75.32,24.197999999999812,3.937999999999647,3.0,114.0,95882.0
CABA,Centro,2029,Proyectado,base,3266512,2085283,22.604578809523808,73838.0,97995,24157.0,75.35,24.188999999999783,3.1119999999996253,3.0,126.0,109179.0
CABA,Centro,2030,Proyectado,base,3294607,2103218,22.61113511904762,74495.0,98838,24343.0,75.37,24.179999999999755,2.285999999999831,3.0,138.0,122476.0
CABA,Centro,2015,Histórico,historico,2875965,1835965,21.57,62035.0,86279,24244.0,71.9,21.23,9.01,2.0,45.0,182.0
CABA,Centro,2016,Histórico,historico,2912742,1859442,21.51,62653.0,87382,24729.0,71.7,21.61,8.21,2.0,45.0,170.0
CABA,Centro,2017,Histórico,historico,2919241,1863591,21.86,63815.0,87577,23762.0,72.87,23.49,7.44,2.0,53.0,12.0
CABA,Centro,2018,Histórico,historico,2957554,1888050,21.78,64416.0,88727,24311.0,72.6,22.21,7.18,2.0,48.0,266.0
CABA,Centro,2019,Histórico,historico,2979563,1902100,20.82,62035.0,89387,27352.0,69.4,22.57,8.59,3.0,34.0,24.0
CABA,Centro,2020,Histórico,historico,3007793,1920121,17.66,53118.0,90234,37116.0,58.87,24.21,10.75,3.0,23.0,6863.0
CABA,Centro,2021,Histórico,historico,3046988,1945143,17.87,54450.0,91410,36960.0,59.57,25.01,10.88,3.0,20.0,6.0
CABA,Centro,2022,Histórico,historico,3070138,1959921,22.16,68034.0,92104,24070.0,73.87,23.36,6.65,3.0,47.0,9.0
CABA,Centro,2023,Histórico,historico,3105185,1982295,22.53,69960.0,93156,23196.0,75.1,24.02,8.26,3.0,65.0,510.0
CABA,Centro,2024,Histórico,historico,3119165,1991219,21.44,66875.0,93575,26700.0,71.47,24.66,7.93,3.0,60.0,73098.0
CABA,Centro,2025,Proyectado,optimista,3154136,2013544,22.160169404761895,69896.0,94624,24728.0,73.87,26.647499999999887,6.415999999999713,3.4499999999999997,118.5,55989.0
CABA,Centro,2026,Proyectado,optimista,3182230,2031479,22.41568220238094,71332.0,95467,24135.0,74.72,26.637599999999853,5.589999999999691,3.4499999999999997,136.5,69287.0
CABA,Centro,2027,Proyectado,optimista,3210324,2049414,22.64684499999999,72704.0,96310,23606.0,75.49,26.627699999999823,4.763999999999669,3.4499999999999997,154.5,82584.0
CABA,Centro,2028,Proyectado,optimista,3238418,2067349,22.63469809523809,73301.0,97153,23852.0,75.45,26.617799999999797,3.937999999999647,3.4499999999999997,171.0,95882.0
CABA,Centro,2029,Proyectado,optimista,3266512,2085283,22.643331309523806,73965.0,97995,24030.0,75.48,26.607899999999763,3.1119999999996253,3.4499999999999997,189.0,109179.0
CABA,Centro,2030,Proyectado,optimista,3294607,2103218,22.652207619047616,74630.0,98838,24208.0,75.51,26.597999999999733,2.285999999999831,3.4499999999999997,207.0,122476.0
CABA,Centro,2025,Proyectado,pesimista,3154136,2013544,22.013413928571417,69433.0,94624,25191.0,73.38,24.224999999999895,7.699199999999655,3.0,67.14999999999999,83983.5
CABA,Centro,2026,Proyectado,pesimista,3182230,2031479,22.26770821428571,70861.0,95467,24606.0,74.23,24.215999999999866,6.707999999999629,3.0,77.35,103930.5
CABA,Centro,2027,Proyectado,pesimista,3210324,2049414,22.57006999999999,72457.0,96310,23853.0,75.23,24.206999999999837,5.716799999999602,3.0,87.55,123876.0
CABA,Centro,2028,Proyectado,pesimista,3238418,2067349,22.591112261904758,73159.0,97153,23994.0,75.3,24.197999999999812,4.725599999999576,3.0,96.89999999999999,143823.0
CABA,Centro,2029,Proyectado,pesimista,3266512,2085283,22.604578809523808,73838.0,97995,24157.0,75.35,24.188999999999783,3.73439999999955,3.0,107.1,163768.5
CABA,Centro,2030,Proyectado,pesimista,3294607,2103218,22.61113511904762,74495.0,98838,24343.0,75.37,24.179999999999755,2.743199999999797,3.0,117.3,183714.0
Catamarca,NOA,2025,Proyectado,base,436347,276409,16.819769702380945,7339.0,13090,5751.0,56.07,16.879000000000076,7.407999999999447,1.0,7.0,26087.0
Catamarca,NOA,2026,Proyectado,base,441154,279453,18.067318571428572,7970.0,13235,5265.0,60.22,17.05200000000002,6.529999999999745,1.0,8.0,32569.0
Catamarca,NOA,2027,Proyectado,base,445960,282498,18.52635952380952,8262.0,13379,5117.0,61.75,17.225000000000023,5.651999999999816,1.0,9.0,39050.0
Catamarca,NOA,2028,Proyectado,base,450766,285542,18.62374375,8395.0,13523,5128.0,62.08,17.397999999999968,4.773999999999887,1.0,9.0,45531.0
Catamarca,NOA,2029,Proyectado,base,455572,288587,19.375421428571425,8827.0,13667,4840.0,64.58,17.570999999999913,3.8960000000001855,1.0,10.0,52013.0
Catamarca,NOA,2030,Proyectado,base,460379,291631,19.809227499999995,9120.0,13811,4691.0,66.03,17.743999999999915,3.0180000000002565,1.0,11.0,58494.0
Catamarca,NOA,2015,Histórico,historico,396196,250975,15.52,6149.0,11886,5737.0,51.73,15.1,9.42,2.0,4.0,38.0
Catamarca,NOA,2016,Histórico,historico,401468,254314,16.78,6737.0,12044,5307.0,55.93,15.77,8.91,2.0,4.0,90.0
Catamarca,NOA,2017,Histórico,historico,403554,255636,16.72,6747.0,12107,5360.0,55.73,16.0,8.79,2.0,5.0,98.0
Catamarca,NOA,2018,Histórico,historico,406051,257218,16.18,6570.0,12182,5612.0,53.93,15.57,8.31,2.0,4.0,98.0
Catamarca,NOA,2019,Histórico,historico,410005,259722,15.76,6462.0,12300,5838.0,52.53,15.78,9.13,2.0,6.0,115.0
Catamarca,NOA,2020,Histórico,historico,412593,261362,13.66,5636.0,12378,6742.0,45.53,16.26,11.04,2.0,2.0,326.0
Catamarca,NOA,2021,Histórico,historico,417050,264185,13.35,5568.0,12512,6944.0,44.5,15.84,12.42,2.0,3.0,2.0
Catamarca,NOA,2022,Histórico,historico,421474,266987,15.51,6537.0,12644,6107.0,51.7,16.41,9.44,2.0,4.0,2.0
Catamarca,NOA,2023,Histórico,historico,426751,270330,16.32,6965.0,12803,5838.0,54.4,16.49,8.9,2.0,6.0,302.0
Catamarca,NOA,2024,Histórico,historico,431774,273512,16.67,7198.0,12953,5755.0,55.57,16.8,8.41,1.0,5.0,32583.0
Catamarca,NOA,2025,Proyectado,optimista,436347,276409,16.976594761904757,7408.0,13090,5682.0,56.59,18.566900000000086,7.407999999999447,1.15,10.5,26087.0
Catamarca,NOA,2026,Proyectado,optimista,441154,279453,18.282752380952378,8066.0,13235,5169.0,60.94,18.757200000000026,6.529999999999745,1.15,12.0,32569.0
Catamarca,NOA,2027,Proyectado,optimista,445960,282498,18.70140404761905,8340.0,13379,5039.0,62.34,18.947500000000026,5.651999999999816,1.15,13.5,39050.0
Catamarca,NOA,2028,Proyectado,optimista,450766,285542,18.798527797619055,8474.0,13523,5049.0,62.66,19.137799999999967,4.773999999999887,1.15,13.5,45531.0
Catamarca,NOA,2029,Proyectado,optimista,455572,288587,19.473067142857143,8871.0,13667,4796.0,64.91,19.328099999999907,3.8960000000001855,1.15,15.0,52013.0
Catamarca,NOA,2030,Proyectado,optimista,460379,291631,19.94961845238095,9184.0,13811,4627.0,66.5,19.518399999999907,3.0180000000002565,1.15,16.5,58494.0
Catamarca,NOA,2025,Proyectado,pesimista,436347,276409,16.543634345238097,7219.0,13090,5871.0,55.15,16.879000000000076,8.889599999999335,1.0,5.95,39130.5
Catamarca,NOA,2026,Proyectado,pesimista,441154,279453,16.811210595238098,7416.0,13235,5819.0,56.04,17.05200000000002,7.835999999999694,1.0,6.8,48853.5
Catamarca,NOA,2027,Proyectado,pesimista,445960,282498,18.314995892857144,8168.0,13379,5211.0,61.05,17.225000000000023,6.78239999999978,1.0,7.6499999999999995,58575.0
Catamarca,NOA,2028,Proyectado,pesimista,450766,285542,18.594713333333324,8382.0,13523,5141.0,61.98,17.397999999999968,5.728799999999865,1.0,7.6499999999999995,68296.5
Catamarca,NOA,2029,Proyectado,pesimista,455572,288587,19.362636428571424,8821.0,13667,4846.0,64.54,17.570999999999913,4.675200000000222,1.0,8.5,78019.5
Catamarca,NOA,2030,Proyectado,pesimista,460379,291631,19.8092275,9120.0,13811,4691.0,66.03,17.743999999999915,3.6216000000003077,1.0,9.35,87741.0
Chaco,NEA,2025,Proyectado,base,1152903,733161,15.832244084249076,18253.0,34587,16334.0,52.77,14.230000000000189,8.551999999999907,3.0,22.0,51106.0
Chaco,NEA,2026,Proyectado,base,1163649,739995,16.08666922619048,18719.0,34909,16190.0,53.62,14.374000000000194,7.8279999999999745,4.0,24.0,63510.0
Chaco,NEA,2027,Proyectado,base,1174396,746829,17.635590773809533,20711.0,35232,14521.0,58.79,14.5180000000002,7.104000000000042,4.0,26.0,75913.0
Chaco,NEA,2028,Proyectado,base,1185142,753663,17.77172184523811,21062.0,35554,14492.0,59.24,14.662000000000205,6.380000000000109,4.0,29.0,88316.0
Chaco,NEA,2029,Proyectado,base,1195888,760497,17.747113392857152,21224.0,35877,14653.0,59.16,14.80600000000021,5.656000000000176,5.0,31.0,100720.0
Chaco,NEA,2030,Proyectado,base,1206635,767330,17.83611196428573,21522.0,36199,14677.0,59.45,14.950000000000216,4.932000000000244,5.0,33.0,113123.0
Chaco,NEA,2015,Histórico,historico,1058730,673275,15.25,16146.0,31762,15616.0,50.83,12.56,10.76,1.0,16.0,158.0
Chaco,NEA,2016,Histórico,historico,1060588,674456,16.54,17542.0,31818,14276.0,55.13,13.15,8.16,1.0,17.0,371.0
Chaco,NEA,2017,Histórico,historico,1065714,677716,15.47,16487.0,31971,15484.0,51.57,13.07,9.25,1.0,12.0,382.0
Chaco,NEA,2018,Histórico,historico,1088380,692130,15.63,17011.0,32651,15640.0,52.1,13.38,9.23,1.0,11.0,1478.0
Chaco,NEA,2019,Histórico,historico,1101252,700316,15.02,16541.0,33038,16497.0,50.07,13.61,7.98,1.0,16.0,120.0
Chaco,NEA,2020,Histórico,historico,1101389,700403,12.84,14142.0,33042,18900.0,42.8,13.33,12.15,1.0,9.0,3039.0
Chaco,NEA,2021,Histórico,historico,1106190,703456,12.78,14137.0,33186,19049.0,42.6,13.51,12.14,2.0,11.0,4.0
Chaco,NEA,2022,Histórico,historico,1121623,713270,14.8,16600.0,33649,17049.0,49.33,14.27,9.5,2.0,19.0,614.0
Chaco,NEA,2023,Histórico,historico,1131800,719742,15.44,17475.0,33954,16479.0,51.47,14.15,10.46,2.0,18.0,1530.0
Chaco,NEA,2024,Histórico,historico,1142316,726429,15.68,17912.0,34269,16357.0,52.27,13.73,9.37,3.0,17.0,64293.0
Chaco,NEA,2025,Proyectado,optimista,1152903,733161,16.15413844932845,18624.0,34587,15963.0,53.85,15.653000000000208,8.551999999999907,3.4499999999999997,33.0,51106.0
Chaco,NEA,2026,Proyectado,optimista,1163649,739995,16.4041120436508,19089.0,34909,15820.0,54.68,15.811400000000216,7.8279999999999745,4.6,36.0,63510.0
Chaco,NEA,2027,Proyectado,optimista,1174396,746829,17.770957400793662,20870.0,35232,14362.0,59.24,15.969800000000221,7.104000000000042,4.6,39.0,75913.0
Chaco,NEA,2028,Proyectado,optimista,1185142,753663,17.930095138888905,21250.0,35554,14304.0,59.77,16.128200000000227,6.380000000000109,4.6,43.5,88316.0
Chaco,NEA,2029,Proyectado,optimista,1195888,760497,17.885554603174615,21389.0,35877,14488.0,59.62,16.286600000000234,5.656000000000176,5.75,46.5,100720.0
Chaco,NEA,2030,Proyectado,optimista,1206635,767330,17.89067793650795,21588.0,36199,14611.0,59.64,16.44500000000024,4.932000000000244,5.75,49.5,113123.0
Chaco,NEA,2025,Proyectado,pesimista,1152903,733161,15.317722916666664,17660.0,34587,16927.0,51.06,14.230000000000189,10.262399999999888,3.0,18.7,76659.0
Chaco,NEA,2026,Proyectado,pesimista,1163649,739995,15.587816904761905,18139.0,34909,16770.0,51.96,14.374000000000194,9.393599999999969,4.0,20.4,95265.0
Chaco,NEA,2027,Proyectado,pesimista,1174396,746829,15.89398386904762,18666.0,35232,16566.0,52.98,14.5180000000002,8.52480000000005,4.0,22.099999999999998,113869.5
Chaco,NEA,2028,Proyectado,pesimista,1185142,753663,16.20269994047619,19203.0,35554,16351.0,54.01,14.662000000000205,7.65600000000013,4.0,24.65,132474.0
Chaco,NEA,2029,Proyectado,pesimista,1195888,760497,17.560983392857146,21001.0,35877,14876.0,58.54,14.80600000000021,6.787200000000212,5.0,26.349999999999998,151080.0
Chaco,NEA,2030,Proyectado,pesimista,1206635,767330,17.821949464285726,21505.0,36199,14694.0,59.41,14.950000000000216,5.918400000000292,5.0,28.05,169684.5
Chubut,Patagonia,2025,Proyectado,base,608660,385850,23.09539928571429,14057.0,18260,4203.0,76.98,21.702000000000112,4.302999999999656,5.0,13.0,164.0
Chubut,Patagonia,2026,Proyectado,base,613802,389110,23.172272619047625,14223.0,18414,4191.0,77.24,22.1640000000001,3.6499999999998636,5.0,15.0,203.0
Chubut,Patagonia,2027,Proyectado,base,618945,392370,23.1687542857143,14340.0,18568,4228.0,77.23,22.62600000000009,2.9969999999998436,6.0,17.0,242.0
Chubut,Patagonia,2028,Proyectado,base,624088,395630,23.159187619047625,14453.0,18723,4270.0,77.2,23.087999999999965,2.344000000000051,7.0,19.0,282.0
Chubut,Patagonia,2029,Proyectado,base,629230,398890,23.15746678571429,14571.0,18877,4306.0,77.19,23.549999999999955,1.691000000000031,7.0,21.0,321.0
Chubut,Patagonia,2030,Proyectado,base,634373,402151,23.114981190476197,14664.0,19031,4367.0,77.05,24.01199999999983,1.038000000000011,8.0,23.0,361.0
Chubut,Patagonia,2015,Histórico,historico,555850,352372,21.77,12101.0,16676,4575.0,72.57,18.98,6.05,2.0,3.0,1.0
Chubut,Patagonia,2016,Histórico,historico,563806,357416,22.96,12945.0,16914,3969.0,76.53,19.34,5.9,2.0,5.0,2.0
Chubut,Patagonia,2017,Histórico,historico,569577,361074,22.99,13095.0,17087,3992.0,76.63,19.07,6.69,2.0,8.0,2.0
Chubut,Patagonia,2018,Histórico,historico,570977,361962,23.12,13201.0,17129,3928.0,77.07,19.98,5.62,2.0,8.0,5.0
Chubut,Patagonia,2019,Histórico,historico,579993,367677,23.01,13346.0,17400,4054.0,76.7,19.95,6.85,2.0,6.0,4.0
Chubut,Patagonia,2020,Histórico,historico,581949,368917,18.38,10696.0,17458,6762.0,61.27,19.4,7.76,2.0,3.0,2.0
Chubut,Patagonia,2021,Histórico,historico,590213,374156,19.39,11444.0,17706,6262.0,64.63,19.61,7.06,2.0,5.0,5.0
Chubut,Patagonia,2022,Histórico,historico,592242,375442,22.79,13497.0,17767,4270.0,75.97,20.65,5.83,3.0,8.0,6.0
Chubut,Patagonia,2023,Histórico,historico,597975,379077,23.04,13777.0,17939,4162.0,76.8,20.81,5.27,4.0,12.0,20.0
Chubut,Patagonia,2024,Histórico,historico,603781,382757,23.72,14322.0,18113,3791.0,79.07,21.11,5.39,4.0,9.0,192.0
Chubut,Patagonia,2025,Proyectado,optimista,608660,385850,23.047252857142865,14028.0,18260,4232.0,76.82,23.872200000000124,4.302999999999656,5.75,19.5,164.0
Chubut,Patagonia,2026,Proyectado,optimista,613802,389110,23.13373035714286,14200.0,18414,4214.0,77.11,24.38040000000011,3.6499999999998636,5.75,22.5,203.0
Chubut,Patagonia,2027,Proyectado,optimista,618945,392370,23.130402023809523,14316.0,18568,4252.0,77.1,24.8886000000001,2.9969999999998436,6.8999999999999995,25.5,242.0
Chubut,Patagonia,2028,Proyectado,optimista,624088,395630,23.12083535714286,14429.0,18723,4294.0,77.07,25.396799999999963,2.344000000000051,8.049999999999999,28.5,282.0
Chubut,Patagonia,2029,Proyectado,optimista,629230,398890,23.12392702380953,14550.0,18877,4327.0,77.08,25.90499999999995,1.691000000000031,8.049999999999999,31.5,321.0
Chubut,Patagonia,2030,Proyectado,optimista,634373,402151,23.120552023809537,14667.0,19031,4364.0,77.07,26.413199999999815,1.038000000000011,9.2,34.5,361.0
Chubut,Patagonia,2025,Proyectado,pesimista,608660,385850,23.107869841269846,14065.0,18260,4195.0,77.03,21.702000000000112,5.163599999999588,5.0,11.049999999999999,246.0
Chubut,Patagonia,2026,Proyectado,pesimista,613802,389110,23.173520952380954,14224.0,18414,4190.0,77.25,22.1640000000001,4.3799999999998365,5.0,12.75,304.5
Chubut,Patagonia,2027,Proyectado,pesimista,618945,392370,23.164662619047622,14338.0,18568,4230.0,77.22,22.62600000000009,3.596399999999812,6.0,14.45,363.0
Chubut,Patagonia,2028,Proyectado,pesimista,624088,395630,23.159212619047622,14453.0,18723,4270.0,77.2,23.087999999999965,2.812800000000061,7.0,16.15,423.0
Chubut,Patagonia,2029,Proyectado,pesimista,629230,398890,23.15746678571429,14571.0,18877,4306.0,77.19,23.549999999999955,2.029200000000037,7.0,17.849999999999998,481.5
Chubut,Patagonia,2030,Proyectado,pesimista,634373,402151,23.114981190476197,14664.0,19031,4367.0,77.05,24.01199999999983,1.2456000000000131,8.0,19.55,541.5
Corrientes,NEA,2025,Proyectado,base,1223799,772279,17.62900053030304,21574.0,36714,15140.0,58.76,14.51300000000009,6.963999999999487,3.0,28.0,26089.0
Corrientes,NEA,2026,Proyectado,base,1234418,778980,17.818759339826858,21996.0,37033,15037.0,59.4,14.696000000000083,5.601999999999862,3.0,33.0,32301.0
Corrientes,NEA,2027,Proyectado,base,1245037,785681,17.831255470779237,22201.0,37351,15150.0,59.44,14.879000000000019,4.239999999999782,3.0,37.0,38513.0
Corrientes,NEA,2028,Proyectado,base,1255656,792383,18.055886309523824,22672.0,37670,14998.0,60.19,15.062000000000012,2.8780000000001564,3.0,41.0,44725.0
Corrientes,NEA,2029,Proyectado,base,1266275,799084,18.132843452380964,22961.0,37988,15027.0,60.44,15.245000000000005,1.5160000000000764,3.0,45.0,50937.0
Corrientes,NEA,2030,Proyectado,base,1276894,805785,18.135347261904773,23157.0,38307,15150.0,60.45,15.427999999999997,1.0,3.0,49.0,57148.0
Corrientes,NEA,2015,Histórico,historico,1116311,704449,14.31,15974.0,33489,17515.0,47.7,12.99,10.95,3.0,17.0,249.0
Corrientes,NEA,2016,Histórico,historico,1126686,710996,16.17,18219.0,33801,15582.0,53.9,13.68,9.34,3.0,18.0,87.0
Corrientes,NEA,2017,Histórico,historico,1141620,720421,15.26,17421.0,34249,16828.0,50.87,13.53,9.46,3.0,18.0,334.0
Corrientes,NEA,2018,Histórico,historico,1149091,725135,15.37,17662.0,34473,16811.0,51.23,13.52,9.83,3.0,13.0,252.0
Corrientes,NEA,2019,Histórico,historico,1165619,735565,15.4,17951.0,34969,17018.0,51.33,13.52,8.58,3.0,19.0,220.0
Corrientes,NEA,2020,Histórico,historico,1168311,737264,12.21,14265.0,35049,20784.0,40.7,13.69,13.41,3.0,9.0,2519.0
Corrientes,NEA,2021,Histórico,historico,1184073,747211,12.76,15109.0,35522,20413.0,42.53,13.37,14.11,3.0,7.0,24.0
Corrientes,NEA,2022,Histórico,historico,1191506,751901,15.72,18730.0,35745,17015.0,52.4,14.2,9.88,3.0,19.0,1.0
Corrientes,NEA,2023,Histórico,historico,1204748,760258,16.24,19565.0,36142,16577.0,54.13,14.54,8.39,3.0,21.0,2272.0
Corrientes,NEA,2024,Histórico,historico,1211069,764246,15.64,18941.0,36332,17391.0,52.13,14.02,9.46,3.0,23.0,32454.0
Corrientes,NEA,2025,Proyectado,optimista,1223799,772279,17.741990292207802,21713.0,36714,15001.0,59.14,15.964300000000101,6.963999999999487,3.4499999999999997,42.0,26089.0
Corrientes,NEA,2026,Proyectado,optimista,1234418,778980,17.938535292207806,22144.0,37033,14889.0,59.8,16.165600000000094,5.601999999999862,3.4499999999999997,49.5,32301.0
Corrientes,NEA,2027,Proyectado,optimista,1245037,785681,17.942827256493516,22339.0,37351,15012.0,59.81,16.366900000000022,4.239999999999782,3.4499999999999997,55.5,38513.0
Corrientes,NEA,2028,Proyectado,optimista,1255656,792383,18.07305797619049,22694.0,37670,14976.0,60.24,16.568200000000015,2.8780000000001564,3.4499999999999997,61.5,44725.0
Corrientes,NEA,2029,Proyectado,optimista,1266275,799084,18.147578452380962,22980.0,37988,15008.0,60.49,16.769500000000008,1.5160000000000764,3.4499999999999997,67.5,50937.0
Corrientes,NEA,2030,Proyectado,optimista,1276894,805785,18.1548530952381,23182.0,38307,15125.0,60.52,16.970799999999997,1.0,3.4499999999999997,73.5,57148.0
Corrientes,NEA,2025,Proyectado,pesimista,1223799,772279,15.89368800740927,19451.0,36714,17263.0,52.98,14.51300000000009,8.356799999999383,3.0,23.8,39133.5
Corrientes,NEA,2026,Proyectado,pesimista,1234418,778980,17.63977219696971,21775.0,37033,15258.0,58.8,14.696000000000083,6.722399999999834,3.0,28.05,48451.5
Corrientes,NEA,2027,Proyectado,pesimista,1245037,785681,17.835128387445902,22205.0,37351,15146.0,59.45,14.879000000000019,5.087999999999738,3.0,31.45,57769.5
Corrientes,NEA,2028,Proyectado,pesimista,1255656,792383,18.055886309523824,22672.0,37670,14998.0,60.19,15.062000000000012,3.4536000000001876,3.0,34.85,67087.5
Corrientes,NEA,2029,Proyectado,pesimista,1266275,799084,18.132843452380964,22961.0,37988,15027.0,60.44,15.245000000000005,1.8192000000000916,3.0,38.25,76405.5
Corrientes,NEA,2030,Proyectado,pesimista,1276894,805785,18.13534726190477,23157.0,38307,15150.0,60.45,15.427999999999997,1.2,3.0,41.65,85722.0
Córdoba,Centro,2025,Proyectado,base,3881669,2462442,22.498180992063485,87330.0,116450,29120.0,74.99,23.78100000000005,5.69899999999916,4.0,113.0,248272.0
Córdoba,Centro,2026,Proyectado,base,3918081,2485541,22.5555228968254,88374.0,117542,29168.0,75.19,23.83800000000005,4.633999999999105,5.0,132.0,309965.0
Córdoba,Centro,2027,Proyectado,base,3954493,2508640,22.646714861111114,89556.0,118635,29079.0,75.49,23.895000000000053,3.5689999999995052,5.0,151.0,371658.0
Córdoba,Centro,2028,Proyectado,base,3990905,2531739,22.695249384920636,90575.0,119727,29152.0,75.65,23.95200000000007,2.5039999999994507,5.0,171.0,433351.0
Córdoba,Centro,2029,Proyectado,base,4027317,2554838,22.697523551587306,91410.0,120820,29410.0,75.66,24.00900000000007,1.4389999999998508,5.0,190.0,495044.0
Córdoba,Centro,2030,Proyectado,base,4063729,2577937,22.744321765873014,92427.0,121912,29485.0,75.81,24.066000000000074,1.0,6.0,209.0,556738.0
Córdoba,Centro,2015,Histórico,historico,3534208,2242020,21.46,75844.0,106026,30182.0,71.53,21.74,8.95,3.0,30.0,148.0
Córdoba,Centro,2016,Histórico,historico,3569465,2264386,21.62,77172.0,107084,29912.0,72.07,22.9,7.79,3.0,39.0,60.0
Córdoba,Centro,2017,Histórico,historico,3613281,2292182,21.16,76457.0,108398,31941.0,70.53,22.64,7.19,3.0,42.0,129.0
Córdoba,Centro,2018,Histórico,historico,3629440,2302433,21.79,79085.0,108883,29798.0,72.63,22.73,7.73,3.0,51.0,26.0
Córdoba,Centro,2019,Histórico,historico,3677455,2332893,22.69,83441.0,110324,26883.0,75.63,23.27,7.91,3.0,54.0,3.0
Córdoba,Centro,2020,Histórico,historico,3691883,2342046,18.53,68411.0,110756,42345.0,61.77,23.38,10.6,3.0,22.0,3597.0
Córdoba,Centro,2021,Histórico,historico,3736750,2370508,17.03,63637.0,112102,48465.0,56.77,23.68,11.43,3.0,25.0,12.0
Córdoba,Centro,2022,Histórico,historico,3773931,2394095,21.39,80724.0,113218,32494.0,71.3,23.72,7.5,3.0,55.0,8.0
Córdoba,Centro,2023,Histórico,historico,3834568,2432562,23.11,88617.0,115037,26420.0,77.03,23.53,7.9,4.0,89.0,557.0
Córdoba,Centro,2024,Histórico,historico,3825034,2426514,21.96,83998.0,114751,30753.0,73.2,23.74,7.04,4.0,86.0,311790.0
Córdoba,Centro,2025,Proyectado,optimista,3881669,2462442,22.49718373015873,87327.0,116450,29123.0,74.99,26.159100000000056,5.69899999999916,4.6,169.5,248272.0
Córdoba,Centro,2026,Proyectado,optimista,3918081,2485541,22.580340992063483,88472.0,117542,29070.0,75.27,26.22180000000006,4.633999999999105,5.75,198.0,309965.0
Córdoba,Centro,2027,Proyectado,optimista,3954493,2508640,22.646364027777768,89555.0,118635,29080.0,75.49,26.28450000000006,3.5689999999995052,5.75,226.5,371658.0
Córdoba,Centro,2028,Proyectado,optimista,3990905,2531739,22.699944384920627,90593.0,119727,29134.0,75.67,26.34720000000008,2.5039999999994507,5.75,256.5,433351.0
Córdoba,Centro,2029,Proyectado,optimista,4027317,2554838,22.702218551587297,91429.0,120820,29391.0,75.67,26.409900000000082,1.4389999999998508,5.75,285.0,495044.0
Córdoba,Centro,2030,Proyectado,optimista,4063729,2577937,22.735845099206347,92392.0,121912,29520.0,75.79,26.47260000000008,1.0,6.8999999999999995,313.5,556738.0
Córdoba,Centro,2025,Proyectado,pesimista,3881669,2462442,22.353395535714284,86768.0,116450,29682.0,74.51,23.78100000000005,6.838799999998991,4.0,96.05,372408.0
Córdoba,Centro,2026,Proyectado,pesimista,3918081,2485541,22.533341706349205,88287.0,117542,29255.0,75.11,23.83800000000005,5.560799999998926,5.0,112.2,464947.5
Córdoba,Centro,2027,Proyectado,pesimista,3954493,2508640,22.651606527777776,89576.0,118635,29059.0,75.51,23.895000000000053,4.282799999999406,5.0,128.35,557487.0
Córdoba,Centro,2028,Proyectado,pesimista,3990905,2531739,22.695249384920636,90575.0,119727,29152.0,75.65,23.95200000000007,3.004799999999341,5.0,145.35,650026.5
Córdoba,Centro,2029,Proyectado,pesimista,4027317,2554838,22.697523551587302,91410.0,120820,29410.0,75.66,24.00900000000007,1.726799999999821,5.0,161.5,742566.0
Córdoba,Centro,2030,Proyectado,pesimista,4063729,2577937,22.74432176587301,92427.0,121912,29485.0,75.81,24.066000000000074,1.2,6.0,177.65,835107.0
Entre Ríos,Centro,2025,Proyectado,base,1444392,915676,22.035666369047604,31828.0,43332,11504.0,73.45,25.0060000000002,5.752999999999929,1.0,24.0,46555.0
Entre Ríos,Centro,2026,Proyectado,base,1459327,925144,21.771219345238087,31771.0,43780,12009.0,72.57,25.326000000000136,4.764000000000124,1.0,27.0,58122.0
Entre Ríos,Centro,2027,Proyectado,base,1474261,934612,21.037321607142857,31015.0,44228,13213.0,70.12,25.646000000000186,3.7750000000003183,1.0,30.0,69690.0
Entre Ríos,Centro,2028,Proyectado,base,1489196,944079,21.06454136904762,31369.0,44676,13307.0,70.22,25.966000000000122,2.786000000000513,1.0,32.0,81257.0
Entre Ríos,Centro,2029,Proyectado,base,1504130,953547,21.091563035714287,31724.0,45124,13400.0,70.31,26.286000000000058,1.7970000000007076,1.0,35.0,92825.0
Entre Ríos,Centro,2030,Proyectado,base,1519065,963014,21.091902202380957,32040.0,45572,13532.0,70.31,26.60600000000011,1.0,1.0,38.0,104392.0
Entre Ríos,Centro,2015,Histórico,historico,1317732,835380,21.53,28371.0,39532,11161.0,71.77,22.14,6.63,1.0,17.0,53.0
Entre Ríos,Centro,2016,Histórico,historico,1331698,844234,21.07,28059.0,39951,11892.0,70.23,21.75,8.35,1.0,20.0,44.0
Entre Ríos,Centro,2017,Histórico,historico,1339872,849416,21.4,28673.0,40196,11523.0,71.33,22.85,8.27,1.0,12.0,79.0
Entre Ríos,Centro,2018,Histórico,historico,1346551,853650,21.24,28601.0,40397,11796.0,70.8,22.26,8.08,1.0,20.0,12.0
Entre Ríos,Centro,2019,Histórico,historico,1358368,861141,21.44,29123.0,40751,11628.0,71.47,22.81,8.46,1.0,23.0,94.0
Entre Ríos,Centro,2020,Histórico,historico,1370317,868717,18.0,24666.0,41110,16444.0,60.0,23.06,9.55,1.0,10.0,581.0
Entre Ríos,Centro,2021,Histórico,historico,1381231,875636,17.23,23799.0,41437,17638.0,57.43,24.26,12.16,1.0,11.0,34.0
Entre Ríos,Centro,2022,Histórico,historico,1401553,888519,22.13,31016.0,42047,11031.0,73.77,24.07,7.13,1.0,20.0,63.0
Entre Ríos,Centro,2023,Histórico,historico,1418474,899246,23.5,33334.0,42554,9220.0,78.33,24.1,8.15,1.0,22.0,297.0
Entre Ríos,Centro,2024,Histórico,historico,1426368,904250,20.9,29811.0,42791,12980.0,69.67,24.74,6.61,1.0,18.0,58287.0
Entre Ríos,Centro,2025,Proyectado,optimista,1444392,915676,22.075661369047612,31886.0,43332,11446.0,73.59,27.506600000000223,5.752999999999929,1.15,36.0,46555.0
Entre Ríos,Centro,2026,Proyectado,optimista,1459327,925144,21.81691541666666,31838.0,43780,11942.0,72.72,27.858600000000152,4.764000000000124,1.15,40.5,58122.0
Entre Ríos,Centro,2027,Proyectado,optimista,1474261,934612,21.04487327380953,31026.0,44228,13202.0,70.15,28.210600000000206,3.7750000000003183,1.15,45.0,69690.0
Entre Ríos,Centro,2028,Proyectado,optimista,1489196,944079,21.068743035714284,31375.0,44676,13301.0,70.23,28.562600000000135,2.786000000000513,1.15,48.0,81257.0
Entre Ríos,Centro,2029,Proyectado,optimista,1504130,953547,21.09576470238095,31731.0,45124,13393.0,70.32,28.914600000000068,1.7970000000007076,1.15,52.5,92825.0
Entre Ríos,Centro,2030,Proyectado,optimista,1519065,963014,21.08768386904761,32034.0,45572,13538.0,70.29,29.26660000000012,1.0,1.15,57.0,104392.0
Entre Ríos,Centro,2025,Proyectado,pesimista,1444392,915676,21.515706666666656,31077.0,43332,12255.0,71.72,25.0060000000002,6.903599999999915,1.0,20.4,69832.5
Entre Ríos,Centro,2026,Proyectado,pesimista,1459327,925144,21.75343970238094,31745.0,43780,12035.0,72.51,25.326000000000136,5.716800000000148,1.0,22.95,87183.0
Entre Ríos,Centro,2027,Proyectado,pesimista,1474261,934612,21.01038946428571,30975.0,44228,13253.0,70.03,25.646000000000186,4.530000000000382,1.0,25.5,104535.0
Entre Ríos,Centro,2028,Proyectado,pesimista,1489196,944079,21.04760803571428,31344.0,44676,13332.0,70.16,25.966000000000122,3.3432000000006155,1.0,27.2,121885.5
Entre Ríos,Centro,2029,Proyectado,pesimista,1504130,953547,21.096621369047615,31732.0,45124,13392.0,70.32,26.286000000000058,2.156400000000849,1.0,29.75,139237.5
Entre Ríos,Centro,2030,Proyectado,pesimista,1519065,963014,21.085585535714287,32030.0,45572,13542.0,70.29,26.60600000000011,1.2,1.0,32.3,156588.0
Formosa,NEA,2025,Proyectado,base,607404,387481,17.66654225649351,10731.0,18222,7491.0,58.89,14.552000000000135,7.181999999999334,1.0,10.0,24955.0
Formosa,NEA,2026,Proyectado,base,612089,390469,17.84599178030304,10923.0,18363,7440.0,59.49,14.754000000000076,5.993999999999687,1.0,12.0,30799.0
Formosa,NEA,2027,Proyectado,base,616773,393458,17.858623149350656,11015.0,18503,7488.0,59.53,14.956000000000074,4.805999999999585,1.0,13.0,36642.0
Formosa,NEA,2028,Proyectado,base,621458,396446,17.885795887445894,11115.0,18644,7529.0,59.62,15.158000000000072,3.617999999999938,1.0,14.0,42486.0
Formosa,NEA,2029,Proyectado,base,626142,399434,17.8790191017316,11195.0,18784,7589.0,59.6,15.360000000000014,2.4299999999998363,1.0,16.0,48330.0
Formosa,NEA,2030,Proyectado,base,630827,402423,17.980054220779227,11342.0,18925,7583.0,59.93,15.562000000000012,1.2420000000001892,1.0,17.0,54174.0
Formosa,NEA,2015,Histórico,historico,558533,356304,15.93,8897.0,16756,7859.0,53.1,13.49,9.85,1.0,8.0,156.0
Formosa,NEA,2016,Histórico,historico,564092,359850,15.8,8913.0,16923,8010.0,52.67,13.04,9.3,1.0,8.0,128.0
Formosa,NEA,2017,Histórico,historico,568014,362352,15.21,8639.0,17040,8401.0,50.7,13.38,9.99,1.0,5.0,134.0
Formosa,NEA,2018,Histórico,historico,570739,364090,14.29,8156.0,17122,8966.0,47.63,13.75,9.54,1.0,8.0,48.0
Formosa,NEA,2019,Histórico,historico,580395,370250,15.8,9170.0,17412,8242.0,52.67,13.59,10.96,1.0,9.0,14.0
Formosa,NEA,2020,Histórico,historico,584526,372885,13.09,7651.0,17536,9885.0,43.63,13.64,13.7,1.0,3.0,3106.0
Formosa,NEA,2021,Histórico,historico,587859,375012,13.14,7724.0,17636,9912.0,43.8,13.33,11.73,1.0,4.0,622.0
Formosa,NEA,2022,Histórico,historico,593944,378893,14.91,8856.0,17818,8962.0,49.7,14.31,10.17,1.0,9.0,263.0
Formosa,NEA,2023,Histórico,historico,597094,380903,16.15,9643.0,17913,8270.0,53.83,14.27,9.01,1.0,9.0,987.0
Formosa,NEA,2024,Histórico,historico,603331,384882,16.15,9744.0,18100,8356.0,53.83,14.18,9.12,1.0,7.0,32142.0
Formosa,NEA,2025,Proyectado,optimista,607404,387481,17.74148142316017,10776.0,18222,7446.0,59.14,16.00720000000015,7.181999999999334,1.15,15.0,24955.0
Formosa,NEA,2026,Proyectado,optimista,612089,390469,17.912309637445887,10964.0,18363,7399.0,59.71,16.229400000000084,5.993999999999687,1.15,18.0,30799.0
Formosa,NEA,2027,Proyectado,optimista,616773,393458,17.9092716017316,11046.0,18503,7457.0,59.7,16.451600000000084,4.805999999999585,1.15,19.5,36642.0
Formosa,NEA,2028,Proyectado,optimista,621458,396446,17.897954935064934,11123.0,18644,7521.0,59.66,16.67380000000008,3.617999999999938,1.15,21.0,42486.0
Formosa,NEA,2029,Proyectado,optimista,626142,399434,17.908993982683977,11214.0,18784,7570.0,59.7,16.896000000000015,2.4299999999998363,1.15,24.0,48330.0
Formosa,NEA,2030,Proyectado,optimista,630827,402423,18.049678982683982,11386.0,18925,7539.0,60.17,17.118200000000016,1.2420000000001892,1.15,25.5,54174.0
Formosa,NEA,2025,Proyectado,pesimista,607404,387481,15.919265490620491,9669.0,18222,8553.0,53.06,14.552000000000135,8.6183999999992,1.0,8.5,37432.5
Formosa,NEA,2026,Proyectado,pesimista,612089,390469,17.662793506493514,10811.0,18363,7552.0,58.88,14.754000000000076,7.192799999999624,1.0,10.2,46198.5
Formosa,NEA,2027,Proyectado,pesimista,616773,393458,17.87928773268399,11027.0,18503,7476.0,59.6,14.956000000000074,5.7671999999995025,1.0,11.049999999999999,54963.0
Formosa,NEA,2028,Proyectado,pesimista,621458,396446,17.88579588744589,11115.0,18644,7529.0,59.62,15.158000000000072,4.341599999999926,1.0,11.9,63729.0
Formosa,NEA,2029,Proyectado,pesimista,626142,399434,17.879019101731604,11195.0,18784,7589.0,59.6,15.360000000000014,2.9159999999998036,1.0,13.6,72495.0
Formosa,NEA,2030,Proyectado,pesimista,630827,402423,17.980054220779223,11342.0,18925,7583.0,59.93,15.562000000000012,1.4904000000002269,1.0,14.45,81261.0
Jujuy,NOA,2025,Proyectado,base,821436,524304,17.862177976190473,14673.0,24643,9970.0,59.54,17.171000000000276,6.5249999999991815,4.0,17.0,32207.0
Jujuy,NOA,2026,Proyectado,base,829660,529554,17.99134440476191,14927.0,24890,9963.0,59.97,17.508000000000266,5.557999999999311,4.0,19.0,39657.0
Jujuy,NOA,2027,Proyectado,base,837885,534803,18.040873571428573,15116.0,25137,10021.0,60.14,17.845000000000255,4.590999999999212,4.0,21.0,47106.0
Jujuy,NOA,2028,Proyectado,base,846109,540052,18.105797738095244,15319.0,25383,10064.0,60.35,18.182000000000244,3.6239999999993415,4.0,23.0,54555.0
Jujuy,NOA,2029,Proyectado,base,854333,545301,18.136184404761906,15494.0,25630,10136.0,60.45,18.519000000000233,2.6569999999994707,4.0,25.0,62005.0
Jujuy,NOA,2030,Proyectado,base,862557,550551,18.13213726190477,15640.0,25877,10237.0,60.44,18.856000000000222,1.6899999999993724,4.0,27.0,69454.0
Jujuy,NOA,2015,Histórico,historico,751828,479875,16.57,12458.0,22555,10097.0,55.23,15.36,8.46,4.0,10.0,60.0
Jujuy,NOA,2016,Histórico,historico,754336,481476,14.66,11059.0,22630,11571.0,48.87,14.25,8.3,4.0,11.0,229.0
Jujuy,NOA,2017,Histórico,historico,762402,486624,16.39,12496.0,22872,10376.0,54.63,15.17,8.29,4.0,11.0,186.0
Jujuy,NOA,2018,Histórico,historico,764397,487898,15.72,12016.0,22932,10916.0,52.4,15.87,10.28,4.0,11.0,161.0
Jujuy,NOA,2019,Histórico,historico,776571,495668,17.03,13225.0,23297,10072.0,56.77,15.63,8.86,4.0,10.0,554.0
Jujuy,NOA,2020,Histórico,historico,780436,498135,13.03,10169.0,23413,13244.0,43.43,15.45,12.08,4.0,8.0,5231.0
Jujuy,NOA,2021,Histórico,historico,790454,504529,13.91,10995.0,23714,12719.0,46.37,15.76,10.11,4.0,5.0,674.0
Jujuy,NOA,2022,Histórico,historico,793357,506382,16.25,12892.0,23801,10909.0,54.17,16.64,8.24,4.0,11.0,174.0
Jujuy,NOA,2023,Histórico,historico,805574,514180,16.5,13292.0,24167,10875.0,55.0,15.87,8.8,4.0,14.0,802.0
Jujuy,NOA,2024,Histórico,historico,813997,519556,17.04,13871.0,24420,10549.0,56.8,17.08,7.9,4.0,14.0,42414.0
Jujuy,NOA,2025,Proyectado,optimista,821436,524304,17.997734880952375,14784.0,24643,9859.0,59.99,18.888100000000307,6.5249999999991815,4.6,25.5,32207.0
Jujuy,NOA,2026,Proyectado,optimista,829660,529554,18.118570595238097,15032.0,24890,9858.0,60.4,19.258800000000292,5.557999999999311,4.6,28.5,39657.0
Jujuy,NOA,2027,Proyectado,optimista,837885,534803,18.12283392857144,15185.0,25137,9952.0,60.41,19.62950000000028,4.590999999999212,4.6,31.5,47106.0
Jujuy,NOA,2028,Proyectado,optimista,846109,540052,18.133200595238105,15343.0,25383,10040.0,60.44,20.00020000000027,3.6239999999993415,4.6,34.5,54555.0
Jujuy,NOA,2029,Proyectado,optimista,854333,545301,18.13009226190477,15489.0,25630,10141.0,60.43,20.37090000000026,2.6569999999994707,4.6,37.5,62005.0
Jujuy,NOA,2030,Proyectado,optimista,862557,550551,18.1400705952381,15647.0,25877,10230.0,60.47,20.741600000000247,1.6899999999993724,4.6,40.5,69454.0
Jujuy,NOA,2025,Proyectado,pesimista,821436,524304,16.81519251984127,13813.0,24643,10830.0,56.05,17.171000000000276,7.829999999999018,4.0,14.45,48310.5
Jujuy,NOA,2026,Proyectado,pesimista,829660,529554,17.873569821428575,14829.0,24890,10061.0,59.58,17.508000000000266,6.669599999999172,4.0,16.15,59485.5
Jujuy,NOA,2027,Proyectado,pesimista,837885,534803,18.04393190476191,15119.0,25137,10018.0,60.15,17.845000000000255,5.509199999999055,4.0,17.849999999999998,70659.0
Jujuy,NOA,2028,Proyectado,pesimista,846109,540052,18.105916071428574,15320.0,25383,10063.0,60.35,18.182000000000244,4.348799999999209,4.0,19.55,81832.5
Jujuy,NOA,2029,Proyectado,pesimista,854333,545301,18.136184404761906,15494.0,25630,10136.0,60.45,18.519000000000233,3.1883999999993646,4.0,21.25,93007.5
Jujuy,NOA,2030,Proyectado,pesimista,862557,550551,18.135372500000006,15643.0,25877,10234.0,60.45,18.856000000000222,2.027999999999247,4.0,22.95,104181.0
La Pampa,Centro,2025,Proyectado,base,368987,236907,22.40034672799423,8265.0,11070,2805.0,74.67,25.071000000000254,7.151999999999816,1.0,8.0,1380.0
La Pampa,Centro,2026,Proyectado,base,372091,238900,22.511124646464637,8376.0,11163,2787.0,75.04,25.342000000000212,6.576000000000022,1.0,9.0,1721.0
La Pampa,Centro,2027,Proyectado,base,375195,240893,22.59801141233767,8479.0,11256,2777.0,75.33,25.61300000000017,6.0,1.0,10.0,2061.0
La Pampa,Centro,2028,Proyectado,base,378299,242886,22.752116428571433,8607.0,11349,2742.0,75.84,25.88400000000013,5.423999999999978,1.0,11.0,2402.0
La Pampa,Centro,2029,Proyectado,base,381403,244879,22.7450105952381,8675.0,11442,2767.0,75.82,26.155000000000086,4.848000000000184,1.0,13.0,2742.0
La Pampa,Centro,2030,Proyectado,base,384508,246872,22.785610416666668,8761.0,11535,2774.0,75.95,26.426000000000045,4.272000000000162,1.0,14.0,3083.0
La Pampa,Centro,2015,Histórico,historico,337863,216924,20.68,6987.0,10136,3149.0,68.93,22.03,8.38,1.0,4.0,5.0
La Pampa,Centro,2016,Histórico,historico,341347,219161,21.38,7298.0,10240,2942.0,71.27,22.25,8.17,1.0,4.0,16.0
La Pampa,Centro,2017,Histórico,historico,343906,220804,21.48,7387.0,10317,2930.0,71.6,22.62,7.41,1.0,4.0,12.0
La Pampa,Centro,2018,Histórico,historico,347716,223250,20.99,7299.0,10431,3132.0,69.97,23.81,8.31,1.0,4.0,20.0
La Pampa,Centro,2019,Histórico,historico,350085,224771,21.46,7513.0,10503,2990.0,71.53,22.83,7.37,1.0,4.0,14.0
La Pampa,Centro,2020,Histórico,historico,353967,227263,18.66,6605.0,10619,4014.0,62.2,23.55,10.09,1.0,2.0,6.0
La Pampa,Centro,2021,Histórico,historico,357245,229368,17.72,6330.0,10717,4387.0,59.07,24.14,9.69,1.0,2.0,2.0
La Pampa,Centro,2022,Histórico,historico,358653,230272,20.75,7442.0,10760,3318.0,69.17,23.96,8.53,1.0,5.0,30.0
La Pampa,Centro,2023,Histórico,historico,360789,231643,22.3,8046.0,10824,2778.0,74.33,25.33,8.07,1.0,6.0,95.0
La Pampa,Centro,2024,Histórico,historico,367716,236091,22.19,8160.0,11031,2871.0,73.97,24.31,8.02,1.0,6.0,1662.0
La Pampa,Centro,2025,Proyectado,optimista,368987,236907,22.475758989898996,8293.0,11070,2777.0,74.92,27.57810000000028,7.151999999999816,1.15,12.0,1380.0
La Pampa,Centro,2026,Proyectado,optimista,372091,238900,22.577280162337665,8401.0,11163,2762.0,75.26,27.876200000000235,6.576000000000022,1.15,13.5,1721.0
La Pampa,Centro,2027,Proyectado,optimista,375195,240893,22.646718555194816,8497.0,11256,2759.0,75.49,28.17430000000019,6.0,1.15,15.0,2061.0
La Pampa,Centro,2028,Proyectado,optimista,378299,242886,22.804438928571436,8627.0,11349,2722.0,76.01,28.472400000000142,5.423999999999978,1.15,16.5,2402.0
La Pampa,Centro,2029,Proyectado,optimista,381403,244879,22.787817678571436,8691.0,11442,2751.0,75.96,28.770500000000098,4.848000000000184,1.15,19.5,2742.0
La Pampa,Centro,2030,Proyectado,optimista,384508,246872,22.840294166666673,8782.0,11535,2753.0,76.13,29.06860000000005,4.272000000000162,1.15,21.0,3083.0
La Pampa,Centro,2025,Proyectado,pesimista,368987,236907,22.303389227994227,8230.0,11070,2840.0,74.34,25.071000000000254,8.58239999999978,1.0,6.8,2070.0
La Pampa,Centro,2026,Proyectado,pesimista,372091,238900,22.465041688311686,8359.0,11163,2804.0,74.88,25.342000000000212,7.891200000000026,1.0,7.6499999999999995,2581.5
La Pampa,Centro,2027,Proyectado,pesimista,375195,240893,22.47321897186147,8432.0,11256,2824.0,74.91,25.61300000000017,7.199999999999999,1.0,8.5,3091.5
La Pampa,Centro,2028,Proyectado,pesimista,378299,242886,22.52343647546897,8521.0,11349,2828.0,75.08,25.88400000000013,6.508799999999973,1.0,9.35,3603.0
La Pampa,Centro,2029,Proyectado,pesimista,381403,244879,22.55825855519481,8604.0,11442,2838.0,75.19,26.155000000000086,5.81760000000022,1.0,11.049999999999999,4113.0
La Pampa,Centro,2030,Proyectado,pesimista,384508,246872,22.792939583333332,8764.0,11535,2771.0,75.98,26.426000000000045,5.126400000000194,1.0,11.9,4624.5
La Rioja,NOA,2025,Proyectado,base,398528,256533,16.763462321428566,6681.0,11956,5275.0,55.88,17.002000000000066,7.633999999999332,2.0,5.0,27701.0
La Rioja,NOA,2026,Proyectado,base,402270,258942,17.911847738095236,7205.0,12068,4863.0,59.71,17.146000000000072,6.835999999999331,2.0,6.0,34374.0
La Rioja,NOA,2027,Proyectado,base,406013,261351,18.166993452380947,7376.0,12180,4804.0,60.56,17.29000000000002,6.037999999999329,2.0,7.0,41048.0
La Rioja,NOA,2028,Proyectado,base,409755,263760,18.468587619047618,7568.0,12293,4725.0,61.56,17.434000000000026,5.239999999999327,2.0,7.0,47721.0
La Rioja,NOA,2029,Proyectado,base,413498,266169,18.530623392857148,7662.0,12405,4743.0,61.77,17.57800000000003,4.441999999999325,2.0,8.0,54394.0
La Rioja,NOA,2030,Proyectado,base,417240,268578,18.70575410714286,7805.0,12517,4712.0,62.35,17.72199999999998,3.6439999999993233,2.0,9.0,61068.0
La Rioja,NOA,2015,Histórico,historico,362709,233477,16.25,5894.0,10881,4987.0,54.17,15.08,10.82,2.0,2.0,58.0
La Rioja,NOA,2016,Histórico,historico,365771,235448,17.54,6416.0,10973,4557.0,58.47,15.17,10.02,2.0,3.0,112.0
La Rioja,NOA,2017,Histórico,historico,368620,237282,15.76,5809.0,11059,5250.0,52.53,15.21,9.71,2.0,5.0,27.0
La Rioja,NOA,2018,Histórico,historico,369843,238069,15.98,5910.0,11095,5185.0,53.27,15.57,8.59,2.0,5.0,110.0
La Rioja,NOA,2019,Histórico,historico,375799,241903,16.9,6351.0,11274,4923.0,56.33,16.6,8.2,2.0,4.0,51.0
La Rioja,NOA,2020,Histórico,historico,380097,244670,13.64,5185.0,11403,6218.0,45.47,16.19,12.6,2.0,2.0,919.0
La Rioja,NOA,2021,Histórico,historico,382527,246234,13.23,5061.0,11476,6415.0,44.1,16.45,10.75,2.0,2.0,2022.0
La Rioja,NOA,2022,Histórico,historico,388786,250263,16.17,6287.0,11664,5377.0,53.9,16.58,8.52,2.0,3.0,70.0
La Rioja,NOA,2023,Histórico,historico,390036,251067,16.78,6545.0,11701,5156.0,55.93,16.99,8.57,2.0,3.0,190.0
La Rioja,NOA,2024,Histórico,historico,395055,254298,15.73,6214.0,11852,5638.0,52.43,16.64,9.7,2.0,5.0,35202.0
La Rioja,NOA,2025,Proyectado,optimista,398528,256533,16.911568035714275,6740.0,11956,5216.0,56.37,18.702200000000076,7.633999999999332,2.3,7.5,27701.0
La Rioja,NOA,2026,Proyectado,optimista,402270,258942,18.06732714285714,7268.0,12068,4800.0,60.22,18.86060000000008,6.835999999999331,2.3,9.0,34374.0
La Rioja,NOA,2027,Proyectado,optimista,406013,261351,18.31895,7438.0,12180,4742.0,61.06,19.019000000000023,6.037999999999329,2.3,10.5,41048.0
La Rioja,NOA,2028,Proyectado,optimista,409755,263760,18.608069166666674,7625.0,12293,4668.0,62.03,19.17740000000003,5.239999999999327,2.3,10.5,47721.0
La Rioja,NOA,2029,Proyectado,optimista,413498,266169,18.642970416666678,7709.0,12405,4696.0,62.14,19.335800000000035,4.441999999999325,2.3,12.0,54394.0
La Rioja,NOA,2030,Proyectado,optimista,417240,268578,18.831043869047623,7857.0,12517,4660.0,62.77,19.494199999999978,3.6439999999993233,2.3,13.5,61068.0
La Rioja,NOA,2025,Proyectado,pesimista,398528,256533,16.338264880952366,6511.0,11956,5445.0,54.46,17.002000000000066,9.160799999999199,2.0,4.25,41551.5
La Rioja,NOA,2026,Proyectado,pesimista,402270,258942,16.729370595238084,6730.0,12068,5338.0,55.76,17.146000000000072,8.203199999999196,2.0,5.1,51561.0
La Rioja,NOA,2027,Proyectado,pesimista,406013,261351,17.92295083333333,7277.0,12180,4903.0,59.74,17.29000000000002,7.245599999999194,2.0,5.95,61572.0
La Rioja,NOA,2028,Proyectado,pesimista,409755,263760,18.359824285714282,7523.0,12293,4770.0,61.2,17.434000000000026,6.287999999999192,2.0,5.95,71581.5
La Rioja,NOA,2029,Proyectado,pesimista,413498,266169,18.525502142857146,7660.0,12405,4745.0,61.75,17.57800000000003,5.33039999999919,2.0,6.8,81591.0
La Rioja,NOA,2030,Proyectado,pesimista,417240,268578,18.69852077380952,7802.0,12517,4715.0,62.33,17.72199999999998,4.372799999999188,2.0,7.6499999999999995,91602.0
Mendoza,Cuyo,2025,Proyectado,base,2036433,1286078,18.92020577380953,38530.0,61093,22563.0,63.07,18.57300000000002,5.102999999999611,3.0,42.0,11638.0
Mendoza,Cuyo,2026,Proyectado,base,2054893,1297736,19.44103666666667,39949.0,61647,21698.0,64.8,18.634000000000015,4.10799999999972,3.0,47.0,14539.0
Mendoza,Cuyo,2027,Proyectado,base,2073354,1309395,19.436201666666662,40298.0,62201,21903.0,64.79,18.695000000000007,3.112999999999829,3.0,52.0,17439.0
Mendoza,Cuyo,2028,Proyectado,base,2091815,1321054,19.553517023809523,40902.0,62754,21852.0,65.18,18.756,2.117999999999938,3.0,57.0,20340.0
Mendoza,Cuyo,2029,Proyectado,base,2110276,1332712,19.99679928571429,42199.0,63308,21109.0,66.66,18.81699999999998,1.1230000000000473,3.0,62.0,23241.0
Mendoza,Cuyo,2030,Proyectado,base,2128737,1344371,20.087620952380956,42761.0,63862,21101.0,66.96,18.87799999999997,1.0,3.0,67.0,26141.0
Mendoza,Cuyo,2015,Histórico,historico,1863510,1176871,17.76,33096.0,55905,22809.0,59.2,17.14,7.1,2.0,22.0,55.0
Mendoza,Cuyo,2016,Histórico,historico,1873461,1183155,18.42,34509.0,56204,21695.0,61.4,17.09,6.92,2.0,31.0,84.0
Mendoza,Cuyo,2017,Histórico,historico,1888651,1192748,18.25,34468.0,56660,22192.0,60.83,17.68,7.14,2.0,27.0,56.0
Mendoza,Cuyo,2018,Histórico,historico,1918869,1211832,18.88,36228.0,57566,21338.0,62.93,17.6,6.45,2.0,25.0,2.0
Mendoza,Cuyo,2019,Histórico,historico,1927525,1217299,18.07,34830.0,57826,22996.0,60.23,17.66,6.33,3.0,28.0,85.0
Mendoza,Cuyo,2020,Histórico,historico,1948305,1230422,15.01,29244.0,58449,29205.0,50.03,17.93,10.15,3.0,18.0,11.0
Mendoza,Cuyo,2021,Histórico,historico,1961833,1238965,15.57,30546.0,58855,28309.0,51.9,19.0,10.18,3.0,19.0,2.0
Mendoza,Cuyo,2022,Histórico,historico,1975273,1247453,18.29,36128.0,59258,23130.0,60.97,17.84,6.22,3.0,28.0,3.0
Mendoza,Cuyo,2023,Histórico,historico,1996629,1260940,18.39,36718.0,59899,23181.0,61.3,18.89,7.25,3.0,33.0,302.0
Mendoza,Cuyo,2024,Histórico,historico,2023211,1277728,18.55,37531.0,60696,23165.0,61.83,18.29,6.64,3.0,36.0,14364.0
Mendoza,Cuyo,2025,Proyectado,optimista,2036433,1286078,18.9621949404762,38615.0,61093,22478.0,63.21,20.430300000000024,5.102999999999611,3.4499999999999997,63.0,11638.0
Mendoza,Cuyo,2026,Proyectado,optimista,2054893,1297736,19.49008666666666,40050.0,61647,21597.0,64.97,20.497400000000017,4.10799999999972,3.4499999999999997,70.5,14539.0
Mendoza,Cuyo,2027,Proyectado,optimista,2073354,1309395,19.49516833333332,40420.0,62201,21781.0,64.98,20.56450000000001,3.112999999999829,3.4499999999999997,78.0,17439.0
Mendoza,Cuyo,2028,Proyectado,optimista,2091815,1321054,19.59965035714285,40999.0,62754,21755.0,65.33,20.631600000000002,2.117999999999938,3.4499999999999997,85.5,20340.0
Mendoza,Cuyo,2029,Proyectado,optimista,2110276,1332712,20.046767619047618,42304.0,63308,21004.0,66.82,20.698699999999977,1.1230000000000473,3.4499999999999997,93.0,23241.0
Mendoza,Cuyo,2030,Proyectado,optimista,2128737,1344371,20.137589285714288,42868.0,63862,20994.0,67.13,20.76579999999997,1.0,3.4499999999999997,100.5,26141.0
Mendoza,Cuyo,2025,Proyectado,pesimista,2036433,1286078,18.827999940476197,38342.0,61093,22751.0,62.76,18.57300000000002,6.1235999999995325,3.0,35.699999999999996,17457.0
Mendoza,Cuyo,2026,Proyectado,pesimista,2054893,1297736,19.42262416666666,39911.0,61647,21736.0,64.74,18.634000000000015,4.929599999999664,3.0,39.949999999999996,21808.5
Mendoza,Cuyo,2027,Proyectado,pesimista,2073354,1309395,19.43340166666666,40292.0,62201,21909.0,64.78,18.695000000000007,3.7355999999997946,3.0,44.199999999999996,26158.5
Mendoza,Cuyo,2028,Proyectado,pesimista,2091815,1321054,19.53339369047619,40860.0,62754,21894.0,65.11,18.756,2.5415999999999257,3.0,48.449999999999996,30510.0
Mendoza,Cuyo,2029,Proyectado,pesimista,2110276,1332712,19.97667595238095,42156.0,63308,21152.0,66.59,18.81699999999998,1.3476000000000568,3.0,52.699999999999996,34861.5
Mendoza,Cuyo,2030,Proyectado,pesimista,2128737,1344371,20.087620952380952,42761.0,63862,21101.0,66.96,18.87799999999997,1.2,3.0,56.949999999999996,39211.5
Misiones,NEA,2025,Proyectado,base,1290708,828109,16.099420031218795,20780.0,38721,17941.0,53.66,15.088000000000193,8.321999999999662,2.0,31.0,40344.0
Misiones,NEA,2026,Proyectado,base,1302364,835587,16.455904875541126,21432.0,39071,17639.0,54.85,15.378000000000156,7.419999999999618,3.0,35.0,49846.0
Misiones,NEA,2027,Proyectado,base,1314020,843066,17.896971482683995,23517.0,39421,15904.0,59.66,15.66800000000012,6.517999999999802,3.0,39.0,59349.0
Misiones,NEA,2028,Proyectado,base,1325676,850544,18.09236571428573,23985.0,39770,15785.0,60.31,15.958000000000084,5.615999999999758,3.0,43.0,68851.0
Misiones,NEA,2029,Proyectado,base,1337332,858023,18.12661071428573,24241.0,40120,15879.0,60.42,16.248000000000047,4.713999999999714,3.0,48.0,78354.0
Misiones,NEA,2030,Proyectado,base,1348988,865501,18.12789857142858,24454.0,40470,16016.0,60.43,16.53800000000001,3.811999999999898,3.0,52.0,87857.0
Misiones,NEA,2015,Histórico,historico,1182295,758552,14.69,17368.0,35469,18101.0,48.97,13.1,10.4,1.0,13.0,217.0
Misiones,NEA,2016,Histórico,historico,1196074,767393,16.96,20285.0,35882,15597.0,56.53,13.05,10.8,1.0,19.0,233.0
Misiones,NEA,2017,Histórico,historico,1199168,769378,14.6,17508.0,35975,18467.0,48.67,12.88,10.2,1.0,19.0,448.0
Misiones,NEA,2018,Histórico,historico,1214555,779250,14.67,17818.0,36437,18619.0,48.9,13.5,9.93,1.0,15.0,316.0
Misiones,NEA,2019,Histórico,historico,1229580,788890,15.84,19477.0,36887,17410.0,52.8,13.93,9.81,1.0,20.0,572.0
Misiones,NEA,2020,Histórico,historico,1229433,788795,13.3,16351.0,36883,20532.0,44.33,13.47,13.11,1.0,9.0,5428.0
Misiones,NEA,2021,Histórico,historico,1247659,800489,12.64,15770.0,37430,21660.0,42.13,14.14,12.5,2.0,10.0,202.0
Misiones,NEA,2022,Histórico,historico,1256000,805841,16.01,20109.0,37680,17571.0,53.37,14.23,9.31,2.0,21.0,1.0
Misiones,NEA,2023,Histórico,historico,1268122,813618,14.52,18413.0,38044,19631.0,48.4,14.52,10.74,2.0,25.0,1012.0
Misiones,NEA,2024,Histórico,historico,1277482,819623,15.23,19456.0,38324,18868.0,50.77,14.73,9.48,2.0,23.0,52536.0
Misiones,NEA,2025,Proyectado,optimista,1290708,828109,16.19268562645688,20900.0,38721,17821.0,53.98,16.596800000000215,8.321999999999662,2.3,46.5,40344.0
Misiones,NEA,2026,Proyectado,optimista,1302364,835587,16.561552851731598,21569.0,39071,17502.0,55.21,16.915800000000175,7.419999999999618,3.4499999999999997,52.5,49846.0
Misiones,NEA,2027,Proyectado,optimista,1314020,843066,17.95735303030304,23596.0,39421,15825.0,59.86,17.234800000000135,6.517999999999802,3.4499999999999997,58.5,59349.0
Misiones,NEA,2028,Proyectado,optimista,1325676,850544,18.225009404761924,24160.0,39770,15610.0,60.75,17.553800000000095,5.615999999999758,3.4499999999999997,64.5,68851.0
Misiones,NEA,2029,Proyectado,optimista,1337332,858023,18.31622023809525,24495.0,40120,15625.0,61.05,17.872800000000055,4.713999999999714,3.4499999999999997,72.0,78354.0
Misiones,NEA,2030,Proyectado,optimista,1348988,865501,18.32994261904763,24727.0,40470,15743.0,61.1,18.191800000000015,3.811999999999898,3.4499999999999997,78.0,87857.0
Misiones,NEA,2025,Proyectado,pesimista,1290708,828109,15.448733511904772,19940.0,38721,18781.0,51.5,15.088000000000193,9.986399999999593,2.0,26.349999999999998,60516.0
Misiones,NEA,2026,Proyectado,pesimista,1302364,835587,16.13495771284272,21014.0,39071,18057.0,53.78,15.378000000000156,8.903999999999542,3.0,29.75,74769.0
Misiones,NEA,2027,Proyectado,pesimista,1314020,843066,16.388680589826848,21535.0,39421,17886.0,54.63,15.66800000000012,7.821599999999762,3.0,33.15,89023.5
Misiones,NEA,2028,Proyectado,pesimista,1325676,850544,17.932864345238112,23773.0,39770,15997.0,59.78,15.958000000000084,6.73919999999971,3.0,36.55,103276.5
Misiones,NEA,2029,Proyectado,pesimista,1337332,858023,18.128660714285726,24244.0,40120,15876.0,60.43,16.248000000000047,5.656799999999657,3.0,40.8,117531.0
Misiones,NEA,2030,Proyectado,pesimista,1348988,865501,18.127898571428577,24454.0,40470,16016.0,60.43,16.53800000000001,4.574399999999877,3.0,44.199999999999996,131785.5
Neuquén,Patagonia,2025,Proyectado,base,726805,468801,23.09405575396823,16785.0,21804,5019.0,76.98,22.11800000000028,5.30199999999968,4.0,18.0,435.0
Neuquén,Patagonia,2026,Proyectado,base,731226,471653,23.09936015873016,16891.0,21937,5046.0,77.0,22.570000000000277,4.765999999999849,5.0,20.0,542.0
Neuquén,Patagonia,2027,Proyectado,base,735648,474505,23.12641107142856,17013.0,22069,5056.0,77.09,23.022000000000162,4.229999999999791,5.0,23.0,648.0
Neuquén,Patagonia,2028,Proyectado,base,740069,477357,23.108845238095228,17102.0,22202,5100.0,77.03,23.474000000000046,3.69399999999996,5.0,25.0,755.0
Neuquén,Patagonia,2029,Proyectado,base,744491,480209,23.071509285714274,17177.0,22335,5158.0,76.91,23.926000000000045,3.158000000000129,5.0,28.0,861.0
Neuquén,Patagonia,2030,Proyectado,base,748912,483061,23.081501785714277,17286.0,22467,5181.0,76.94,24.37799999999993,2.622000000000071,5.0,31.0,968.0
Neuquén,Patagonia,2015,Histórico,historico,671909,433392,22.71,15259.0,20157,4898.0,75.7,19.74,6.78,2.0,8.0,1.0
Neuquén,Patagonia,2016,Histórico,historico,676893,436607,21.8,14756.0,20307,5551.0,72.67,18.74,5.94,2.0,11.0,3.0
Neuquén,Patagonia,2017,Histórico,historico,679654,438388,23.09,15693.0,20390,4697.0,76.97,19.45,7.08,2.0,9.0,3.0
Neuquén,Patagonia,2018,Histórico,historico,687917,443717,23.74,16331.0,20638,4307.0,79.13,19.81,5.68,2.0,8.0,3.0
Neuquén,Patagonia,2019,Histórico,historico,693202,447126,22.38,15514.0,20796,5282.0,74.6,19.64,5.52,3.0,9.0,4.0
Neuquén,Patagonia,2020,Histórico,historico,702839,453342,19.21,13502.0,21085,7583.0,64.03,20.18,7.13,3.0,5.0,5.0
Neuquén,Patagonia,2021,Histórico,historico,709820,457845,18.01,12784.0,21295,8511.0,60.03,19.76,9.33,4.0,5.0,6.0
Neuquén,Patagonia,2022,Histórico,historico,715947,461797,22.27,15944.0,21478,5534.0,74.23,21.24,6.17,4.0,12.0,14.0
Neuquén,Patagonia,2023,Histórico,historico,718477,463429,23.75,17064.0,21554,4490.0,79.17,20.62,5.61,4.0,13.0,20.0
Neuquén,Patagonia,2024,Histórico,historico,720618,464810,22.74,16387.0,21619,5232.0,75.8,22.01,6.31,4.0,14.0,531.0
Neuquén,Patagonia,2025,Proyectado,optimista,726805,468801,23.078527301587286,16774.0,21804,5030.0,76.93,24.329800000000308,5.30199999999968,4.6,27.0,435.0
Neuquén,Patagonia,2026,Proyectado,optimista,731226,471653,23.073845039682524,16872.0,21937,5065.0,76.91,24.827000000000307,4.765999999999849,5.75,30.0,542.0
Neuquén,Patagonia,2027,Proyectado,optimista,735648,474505,23.093800952380942,16989.0,22069,5080.0,76.98,25.32420000000018,4.229999999999791,5.75,34.5,648.0
Neuquén,Patagonia,2028,Proyectado,optimista,740069,477357,23.08152595238094,17082.0,22202,5120.0,76.94,25.821400000000054,3.69399999999996,5.75,37.5,755.0
Neuquén,Patagonia,2029,Proyectado,optimista,744491,480209,23.07575595238094,17180.0,22335,5155.0,76.92,26.31860000000005,3.158000000000129,5.75,42.0,861.0
Neuquén,Patagonia,2030,Proyectado,optimista,748912,483061,23.074601785714275,17281.0,22467,5186.0,76.92,26.815799999999925,2.622000000000071,5.75,46.5,968.0
Neuquén,Patagonia,2025,Proyectado,pesimista,726805,468801,22.75873391233767,16541.0,21804,5263.0,75.86,22.11800000000028,6.3623999999996155,4.0,15.299999999999999,652.5
Neuquén,Patagonia,2026,Proyectado,pesimista,731226,471653,23.015775515873017,16830.0,21937,5107.0,76.72,22.570000000000277,5.719199999999819,5.0,17.0,813.0
Neuquén,Patagonia,2027,Proyectado,pesimista,735648,474505,23.13420690476189,17019.0,22069,5050.0,77.11,23.022000000000162,5.075999999999749,5.0,19.55,972.0
Neuquén,Patagonia,2028,Proyectado,pesimista,740069,477357,23.097083571428563,17093.0,22202,5109.0,76.99,23.474000000000046,4.4327999999999514,5.0,21.25,1132.5
Neuquén,Patagonia,2029,Proyectado,pesimista,744491,480209,23.046425952380947,17158.0,22335,5177.0,76.82,23.926000000000045,3.7896000000001546,5.0,23.8,1291.5
Neuquén,Patagonia,2030,Proyectado,pesimista,748912,483061,23.052585119047613,17264.0,22467,5203.0,76.84,24.37799999999993,3.146400000000085,5.0,26.349999999999998,1452.0
Río Negro,Patagonia,2025,Proyectado,base,767665,494025,23.134694107142845,17760.0,23030,5270.0,77.12,21.455000000000155,4.798999999999523,5.0,17.0,247.0
Río Negro,Patagonia,2026,Proyectado,base,773656,497881,23.091594999999987,17865.0,23210,5345.0,76.97,21.718000000000075,4.165999999999713,5.0,19.0,307.0
Río Negro,Patagonia,2027,Proyectado,base,779648,501737,23.094176666666662,18005.0,23389,5384.0,76.98,21.980999999999995,3.5329999999996744,5.0,22.0,367.0
Río Negro,Patagonia,2028,Proyectado,base,785639,505592,23.092526666666657,18142.0,23569,5427.0,76.98,22.243999999999915,2.8999999999998636,5.0,24.0,427.0
Río Negro,Patagonia,2029,Proyectado,base,791631,509448,23.100729999999995,18287.0,23749,5462.0,77.0,22.506999999999834,2.2669999999998254,5.0,27.0,487.0
Río Negro,Patagonia,2030,Proyectado,base,797623,513304,23.105754999999995,18430.0,23929,5499.0,77.02,22.769999999999868,1.6340000000000146,5.0,29.0,547.0
Río Negro,Patagonia,2015,Histórico,historico,700655,450901,23.66,16577.0,21020,4443.0,78.87,18.65,5.72,4.0,10.0,3.0
Río Negro,Patagonia,2016,Histórico,historico,712048,458233,23.15,16484.0,21361,4877.0,77.17,18.77,6.53,5.0,9.0,4.0
Río Negro,Patagonia,2017,Histórico,historico,718027,462081,22.64,16256.0,21541,5285.0,75.47,19.87,5.79,5.0,11.0,0.0
Río Negro,Patagonia,2018,Histórico,historico,723345,465503,23.59,17064.0,21700,4636.0,78.63,19.96,6.43,5.0,10.0,4.0
Río Negro,Patagonia,2019,Histórico,historico,732992,471712,22.47,16470.0,21990,5520.0,74.9,20.32,6.08,5.0,8.0,4.0
Río Negro,Patagonia,2020,Histórico,historico,734821,472889,19.67,14454.0,22045,7591.0,65.57,20.18,7.68,5.0,6.0,4.0
Río Negro,Patagonia,2021,Histórico,historico,748603,481758,18.42,13789.0,22458,8669.0,61.4,20.73,8.16,6.0,5.0,9.0
Río Negro,Patagonia,2022,Histórico,historico,748021,481384,23.49,17571.0,22441,4870.0,78.3,19.93,5.94,5.0,12.0,6.0
Río Negro,Patagonia,2023,Histórico,historico,755847,486420,22.82,17248.0,22675,5427.0,76.07,21.26,6.23,6.0,11.0,17.0
Río Negro,Patagonia,2024,Histórico,historico,761157,489837,22.52,17141.0,22835,5694.0,75.07,21.23,5.48,5.0,15.0,300.0
Río Negro,Patagonia,2025,Proyectado,optimista,767665,494025,23.1287343452381,17755.0,23030,5275.0,77.1,23.60050000000017,4.798999999999523,5.75,25.5,247.0
Río Negro,Patagonia,2026,Proyectado,optimista,773656,497881,23.055431547619037,17837.0,23210,5373.0,76.85,23.889800000000083,4.165999999999713,5.75,28.5,307.0
Río Negro,Patagonia,2027,Proyectado,optimista,779648,501737,23.061477380952365,17980.0,23389,5409.0,76.87,24.179099999999995,3.5329999999996744,5.75,33.0,367.0
Río Negro,Patagonia,2028,Proyectado,optimista,785639,505592,23.06180238095237,18118.0,23569,5451.0,76.87,24.468399999999907,2.8999999999998636,5.75,36.0,427.0
Río Negro,Patagonia,2029,Proyectado,optimista,791631,509448,23.065935714285708,18260.0,23749,5489.0,76.89,24.75769999999982,2.2669999999998254,5.75,40.5,487.0
Río Negro,Patagonia,2030,Proyectado,optimista,797623,513304,23.06908988095238,18400.0,23929,5529.0,76.9,25.04699999999986,1.6340000000000146,5.75,43.5,547.0
Río Negro,Patagonia,2025,Proyectado,pesimista,767665,494025,22.965401531385282,17630.0,23030,5400.0,76.55,21.455000000000155,5.758799999999428,5.0,14.45,370.5
Río Negro,Patagonia,2026,Proyectado,pesimista,773656,497881,23.09706083333332,17869.0,23210,5341.0,76.99,21.718000000000075,4.999199999999655,5.0,16.15,460.5
Río Negro,Patagonia,2027,Proyectado,pesimista,779648,501737,23.09155999999999,18003.0,23389,5386.0,76.97,21.980999999999995,4.2395999999996095,5.0,18.7,550.5
Río Negro,Patagonia,2028,Proyectado,pesimista,785639,505592,23.092526666666657,18142.0,23569,5427.0,76.98,22.243999999999915,3.479999999999836,5.0,20.4,640.5
Río Negro,Patagonia,2029,Proyectado,pesimista,791631,509448,23.100729999999995,18287.0,23749,5462.0,77.0,22.506999999999834,2.7203999999997905,5.0,22.95,730.5
Río Negro,Patagonia,2030,Proyectado,pesimista,797623,513304,23.105754999999995,18430.0,23929,5499.0,77.02,22.769999999999868,1.9608000000000174,5.0,24.65,820.5
Salta,NOA,2025,Proyectado,base,1437653,905924,16.8466078517316,24220.0,43130,18910.0,56.16,16.72999999999999,7.858999999999696,1.0,39.0,56982.0
Salta,NOA,2026,Proyectado,base,1450579,914070,17.9660956547619,26061.0,43517,17456.0,59.89,16.837999999999937,7.183999999999969,1.0,45.0,70504.0
Salta,NOA,2027,Proyectado,base,1463505,922215,18.052355238095235,26420.0,43905,17485.0,60.17,16.945999999999913,6.5090000000000146,1.0,52.0,84027.0
Salta,NOA,2028,Proyectado,base,1476432,930361,18.128983214285714,26766.0,44293,17527.0,60.43,17.05399999999986,5.83400000000006,1.0,58.0,97549.0
Salta,NOA,2029,Proyectado,base,1489358,938506,18.16217559523809,27050.0,44681,17631.0,60.54,17.161999999999836,5.1590000000001055,1.0,65.0,111071.0
Salta,NOA,2030,Proyectado,base,1502285,946652,18.265201428571427,27440.0,45069,17629.0,60.88,17.269999999999783,4.484000000000151,1.0,71.0,124593.0
Salta,NOA,2015,Histórico,historico,1308257,824387,15.88,20775.0,39248,18473.0,52.93,14.92,8.97,2.0,14.0,260.0
Salta,NOA,2016,Histórico,historico,1324948,834904,15.62,20696.0,39748,19052.0,52.07,14.89,7.38,2.0,17.0,111.0
Salta,NOA,2017,Histórico,historico,1338835,843655,15.84,21207.0,40165,18958.0,52.8,15.28,7.47,2.0,20.0,321.0
Salta,NOA,2018,Histórico,historico,1350564,851046,16.13,21785.0,40517,18732.0,53.77,15.62,8.96,2.0,19.0,116.0
Salta,NOA,2019,Histórico,historico,1364197,859637,16.37,22332.0,40926,18594.0,54.57,15.84,8.57,2.0,15.0,944.0
Salta,NOA,2020,Histórico,historico,1370471,863590,14.15,19392.0,41114,21722.0,47.17,16.52,10.8,2.0,8.0,3592.0
Salta,NOA,2021,Histórico,historico,1386890,873937,13.38,18557.0,41607,23050.0,44.6,15.9,11.85,1.0,8.0,3942.0
Salta,NOA,2022,Histórico,historico,1400864,882742,17.0,23815.0,42026,18211.0,56.67,16.28,8.77,1.0,24.0,595.0
Salta,NOA,2023,Histórico,historico,1415188,891768,17.08,24171.0,42456,18285.0,56.93,16.64,9.3,1.0,30.0,1550.0
Salta,NOA,2024,Histórico,historico,1420954,895402,16.35,23233.0,42629,19396.0,54.5,16.69,8.7,1.0,29.0,72399.0
Salta,NOA,2025,Proyectado,optimista,1437653,905924,16.957215173160176,24379.0,43130,18751.0,56.52,18.40299999999999,7.858999999999696,1.15,58.5,56982.0
Salta,NOA,2026,Proyectado,optimista,1450579,914070,18.12649446428571,26294.0,43517,17223.0,60.42,18.52179999999993,7.183999999999969,1.15,67.5,70504.0
Salta,NOA,2027,Proyectado,optimista,1463505,922215,18.247956547619047,26706.0,43905,17199.0,60.83,18.640599999999907,6.5090000000000146,1.15,78.0,84027.0
Salta,NOA,2028,Proyectado,optimista,1476432,930361,18.341821547619052,27080.0,44293,17213.0,61.14,18.759399999999847,5.83400000000006,1.15,87.0,97549.0
Salta,NOA,2029,Proyectado,optimista,1489358,938506,18.350278928571427,27330.0,44681,17351.0,61.17,18.878199999999822,5.1590000000001055,1.15,97.5,111071.0
Salta,NOA,2030,Proyectado,optimista,1502285,946652,18.447989761904765,27714.0,45069,17355.0,61.49,18.996999999999762,4.484000000000151,1.15,106.5,124593.0
Salta,NOA,2025,Proyectado,pesimista,1437653,905924,16.203531964285716,23295.0,43130,19835.0,54.01,16.72999999999999,9.430799999999635,1.0,33.15,85473.0
Salta,NOA,2026,Proyectado,pesimista,1450579,914070,16.81806761904762,24396.0,43517,19121.0,56.06,16.837999999999937,8.620799999999962,1.0,38.25,105756.0
Salta,NOA,2027,Proyectado,pesimista,1463505,922215,16.900061190476194,24733.0,43905,19172.0,56.33,16.945999999999913,7.810800000000017,1.0,44.199999999999996,126040.5
Salta,NOA,2028,Proyectado,pesimista,1476432,930361,18.02174613095238,26608.0,44293,17685.0,60.07,17.05399999999986,7.000800000000072,1.0,49.3,146323.5
Salta,NOA,2029,Proyectado,pesimista,1489358,938506,18.16217559523809,27050.0,44681,17631.0,60.54,17.161999999999836,6.190800000000126,1.0,55.25,166606.5
Salta,NOA,2030,Proyectado,pesimista,1502285,946652,18.265201428571423,27440.0,45069,17629.0,60.88,17.269999999999783,5.380800000000181,1.0,60.35,186889.5
San Juan,Cuyo,2025,Proyectado,base,823034,521855,19.464015833333335,16020.0,24691,8671.0,64.88,19.60200000000009,4.996999999999389,3.0,18.0,5220.0
San Juan,Cuyo,2026,Proyectado,base,829568,525998,20.01298547619048,16602.0,24887,8285.0,66.71,19.83400000000006,4.001999999999725,3.0,21.0,6501.0
San Juan,Cuyo,2027,Proyectado,base,836103,530141,20.137650833333332,16837.0,25083,8246.0,67.13,20.06600000000003,3.0069999999998345,3.0,24.0,7781.0
San Juan,Cuyo,2028,Proyectado,base,842637,534284,20.185514285714284,17009.0,25279,8270.0,67.29,20.297999999999945,2.0119999999999436,3.0,27.0,9062.0
San Juan,Cuyo,2029,Proyectado,base,849171,538427,20.330699166666662,17264.0,25475,8211.0,67.77,20.529999999999916,1.0170000000000528,3.0,29.0,10342.0
San Juan,Cuyo,2030,Proyectado,base,855706,542570,20.75552107142857,17761.0,25671,7910.0,69.19,20.761999999999887,1.0,3.0,32.0,11622.0
San Juan,Cuyo,2015,Histórico,historico,750984,476171,17.82,13383.0,22530,9147.0,59.4,16.65,7.19,3.0,10.0,25.0
San Juan,Cuyo,2016,Histórico,historico,763755,484268,17.77,13572.0,22913,9341.0,59.23,17.27,6.82,3.0,8.0,22.0
San Juan,Cuyo,2017,Histórico,historico,767909,486902,18.47,14183.0,23037,8854.0,61.57,17.13,7.11,3.0,8.0,17.0
San Juan,Cuyo,2018,Histórico,historico,774916,491345,18.2,14103.0,23247,9144.0,60.67,17.43,6.55,3.0,11.0,36.0
San Juan,Cuyo,2019,Histórico,historico,783348,496691,18.33,14359.0,23500,9141.0,61.1,17.81,6.38,3.0,12.0,18.0
San Juan,Cuyo,2020,Histórico,historico,790805,501420,14.93,11807.0,23724,11917.0,49.77,18.53,9.99,3.0,6.0,102.0
San Juan,Cuyo,2021,Histórico,historico,794558,503799,15.76,12522.0,23837,11315.0,52.53,18.92,9.12,3.0,6.0,89.0
San Juan,Cuyo,2022,Histórico,historico,805432,510694,18.57,14957.0,24163,9206.0,61.9,18.65,7.85,3.0,9.0,73.0
San Juan,Cuyo,2023,Histórico,historico,811211,514358,18.66,15137.0,24336,9199.0,62.2,18.56,6.75,3.0,10.0,167.0
San Juan,Cuyo,2024,Histórico,historico,815150,516856,19.47,15871.0,24454,8583.0,64.9,19.87,6.2,3.0,18.0,6465.0
San Juan,Cuyo,2025,Proyectado,optimista,823034,521855,19.447867738095237,16006.0,24691,8685.0,64.83,21.5622000000001,4.996999999999389,3.4499999999999997,27.0,5220.0
San Juan,Cuyo,2026,Proyectado,optimista,829568,525998,20.09960886904762,16674.0,24887,8213.0,67.0,21.817400000000067,4.001999999999725,3.4499999999999997,31.5,6501.0
San Juan,Cuyo,2027,Proyectado,optimista,836103,530141,20.20091089285714,16890.0,25083,8193.0,67.34,22.072600000000037,3.0069999999998345,3.4499999999999997,36.0,7781.0
San Juan,Cuyo,2028,Proyectado,optimista,842637,534284,20.24540220238095,17060.0,25279,8219.0,67.48,22.327799999999943,2.0119999999999436,3.4499999999999997,40.5,9062.0
San Juan,Cuyo,2029,Proyectado,optimista,849171,538427,20.399295416666664,17322.0,25475,8153.0,68.0,22.58299999999991,1.0170000000000528,3.4499999999999997,43.5,10342.0
San Juan,Cuyo,2030,Proyectado,optimista,855706,542570,20.79299523809524,17793.0,25671,7878.0,69.31,22.838199999999876,1.0,3.4499999999999997,48.0,11622.0
San Juan,Cuyo,2025,Proyectado,pesimista,823034,521855,19.430551666666666,15992.0,24691,8699.0,64.77,19.60200000000009,5.996399999999267,3.0,15.299999999999999,7830.0
San Juan,Cuyo,2026,Proyectado,pesimista,829568,525998,20.012985476190476,16602.0,24887,8285.0,66.71,19.83400000000006,4.80239999999967,3.0,17.849999999999998,9751.5
San Juan,Cuyo,2027,Proyectado,pesimista,836103,530141,20.137650833333335,16837.0,25083,8246.0,67.13,20.06600000000003,3.608399999999801,3.0,20.4,11671.5
San Juan,Cuyo,2028,Proyectado,pesimista,842637,534284,20.188147142857144,17011.0,25279,8268.0,67.29,20.297999999999945,2.414399999999932,3.0,22.95,13593.0
San Juan,Cuyo,2029,Proyectado,pesimista,849171,538427,20.33333202380952,17266.0,25475,8209.0,67.78,20.529999999999916,1.2204000000000632,3.0,24.65,15513.0
San Juan,Cuyo,2030,Proyectado,pesimista,855706,542570,20.75552107142857,17761.0,25671,7910.0,69.19,20.761999999999887,1.2,3.0,27.2,17433.0
San Luis,Cuyo,2025,Proyectado,base,543338,345099,19.12111386904763,10389.0,16300,5911.0,63.74,19.554000000000087,6.05399999999986,2.0,10.0,9344.0
San Luis,Cuyo,2026,Proyectado,base,547305,347619,19.71537125000001,10790.0,16419,5629.0,65.72,19.909999999999968,5.4659999999998945,2.0,11.0,11674.0
San Luis,Cuyo,2027,Proyectado,base,551273,350139,19.74464541666667,10885.0,16538,5653.0,65.82,20.265999999999963,4.877999999999929,2.0,13.0,14004.0
San Luis,Cuyo,2028,Proyectado,base,555240,352659,19.743149583333345,10962.0,16657,5695.0,65.81,20.621999999999844,4.289999999999964,2.0,14.0,16334.0
San Luis,Cuyo,2029,Proyectado,base,559208,355179,19.532196726190485,10923.0,16776,5853.0,65.11,20.977999999999838,3.701999999999998,2.0,15.0,18663.0
San Luis,Cuyo,2030,Proyectado,base,563175,357699,19.532196726190485,11000.0,16895,5895.0,65.11,21.33399999999972,3.1140000000000327,2.0,17.0,20993.0
San Luis,Cuyo,2015,Histórico,historico,499453,317226,17.94,8960.0,14984,6024.0,59.8,16.94,7.13,2.0,6.0,7.0
San Luis,Cuyo,2016,Histórico,historico,504382,320357,17.86,9008.0,15131,6123.0,59.53,16.63,7.1,2.0,5.0,1.0
San Luis,Cuyo,2017,Histórico,historico,507923,322606,17.68,8980.0,15238,6258.0,58.93,17.04,6.31,2.0,6.0,11.0
San Luis,Cuyo,2018,Histórico,historico,514393,326715,19.53,10046.0,15432,5386.0,65.1,17.92,6.36,2.0,5.0,27.0
San Luis,Cuyo,2019,Histórico,historico,518642,329414,20.02,10383.0,15559,5176.0,66.73,17.81,8.04,2.0,7.0,8.0
San Luis,Cuyo,2020,Histórico,historico,522561,331903,15.29,7990.0,15677,7687.0,50.97,17.93,9.08,2.0,3.0,27.0
San Luis,Cuyo,2021,Histórico,historico,528024,335373,14.9,7868.0,15841,7973.0,49.67,17.99,8.6,2.0,4.0,12.0
San Luis,Cuyo,2022,Histórico,historico,532494,338212,17.32,9223.0,15975,6752.0,57.73,18.4,7.53,2.0,8.0,1.0
San Luis,Cuyo,2023,Histórico,historico,535373,340040,18.7,10011.0,16061,6050.0,62.33,18.81,6.88,2.0,9.0,97.0
San Luis,Cuyo,2024,Histórico,historico,538724,342169,18.63,10036.0,16162,6126.0,62.1,19.3,7.0,2.0,7.0,11634.0
San Luis,Cuyo,2025,Proyectado,optimista,543338,345099,19.07566529761906,10365.0,16300,5935.0,63.59,21.5094000000001,6.05399999999986,2.3,15.0,9344.0
San Luis,Cuyo,2026,Proyectado,optimista,547305,347619,19.729876011904775,10798.0,16419,5621.0,65.77,21.900999999999968,5.4659999999998945,2.3,16.5,11674.0
San Luis,Cuyo,2027,Proyectado,optimista,551273,350139,19.82487851190477,10929.0,16538,5609.0,66.08,22.29259999999996,4.877999999999929,2.3,19.5,14004.0
San Luis,Cuyo,2028,Proyectado,optimista,555240,352659,19.801111845238108,10994.0,16657,5663.0,66.0,22.68419999999983,4.289999999999964,2.3,21.0,16334.0
San Luis,Cuyo,2029,Proyectado,optimista,559208,355179,19.54250232142858,10928.0,16776,5848.0,65.14,23.075799999999823,3.701999999999998,2.3,22.5,18663.0
San Luis,Cuyo,2030,Proyectado,optimista,563175,357699,19.562043988095244,11017.0,16895,5878.0,65.21,23.467399999999692,3.1140000000000327,2.3,25.5,20993.0
San Luis,Cuyo,2025,Proyectado,pesimista,543338,345099,18.746408452380955,10186.0,16300,6114.0,62.49,19.554000000000087,7.264799999999831,2.0,8.5,14016.0
San Luis,Cuyo,2026,Proyectado,pesimista,547305,347619,19.480281250000004,10662.0,16419,5757.0,64.93,19.909999999999968,6.559199999999874,2.0,9.35,17511.0
San Luis,Cuyo,2027,Proyectado,pesimista,551273,350139,19.711903750000012,10867.0,16538,5671.0,65.71,20.265999999999963,5.853599999999915,2.0,11.049999999999999,21006.0
San Luis,Cuyo,2028,Proyectado,pesimista,555240,352659,19.743149583333338,10962.0,16657,5695.0,65.81,20.621999999999844,5.147999999999956,2.0,11.9,24501.0
San Luis,Cuyo,2029,Proyectado,pesimista,559208,355179,19.530356726190483,10922.0,16776,5854.0,65.1,20.977999999999838,4.4423999999999975,2.0,12.75,27994.5
San Luis,Cuyo,2030,Proyectado,pesimista,563175,357699,19.532196726190485,11000.0,16895,5895.0,65.11,21.33399999999972,3.736800000000039,2.0,14.45,31489.5
Santa Cruz,Patagonia,2025,Proyectado,base,341492,217012,23.09625978174603,7887.0,10245,2358.0,76.99,21.938999999999965,4.315999999999576,1.0,5.0,544.0
Santa Cruz,Patagonia,2026,Proyectado,base,344573,218971,23.020824186507944,7932.0,10337,2405.0,76.74,22.249999999999886,3.6379999999996926,1.0,6.0,679.0
Santa Cruz,Patagonia,2027,Proyectado,base,347654,220929,23.023320376984138,8004.0,10430,2426.0,76.74,22.560999999999808,2.959999999999809,1.0,6.0,814.0
Santa Cruz,Patagonia,2028,Proyectado,base,350736,222887,23.017574821428575,8073.0,10522,2449.0,76.73,22.87199999999973,2.281999999999698,1.0,7.0,949.0
Santa Cruz,Patagonia,2029,Proyectado,base,353817,224845,23.019549821428576,8145.0,10615,2470.0,76.73,23.18299999999965,1.6039999999998145,1.0,7.0,1084.0
Santa Cruz,Patagonia,2030,Proyectado,base,356899,226804,22.968421071428576,8197.0,10707,2510.0,76.56,23.493999999999573,1.0,1.0,8.0,1219.0
Santa Cruz,Patagonia,2015,Histórico,historico,311871,198189,23.26,7254.0,9356,2102.0,77.53,19.54,7.06,1.0,4.0,2.0
Santa Cruz,Patagonia,2016,Histórico,historico,314693,199982,23.31,7335.0,9441,2106.0,77.7,19.11,5.96,1.0,4.0,1.0
Santa Cruz,Patagonia,2017,Histórico,historico,318921,202669,22.44,7157.0,9568,2411.0,74.8,19.33,5.61,1.0,3.0,1.0
Santa Cruz,Patagonia,2018,Histórico,historico,319515,203046,22.42,7164.0,9585,2421.0,74.73,19.88,5.83,1.0,3.0,3.0
Santa Cruz,Patagonia,2019,Histórico,historico,323326,205468,22.49,7272.0,9700,2428.0,74.97,19.59,5.92,1.0,4.0,2.0
Santa Cruz,Patagonia,2020,Histórico,historico,326252,207327,19.64,6408.0,9788,3380.0,65.47,20.64,7.8,2.0,2.0,6.0
Santa Cruz,Patagonia,2021,Histórico,historico,328629,208838,18.7,6145.0,9859,3714.0,62.33,20.56,7.84,1.0,3.0,0.0
Santa Cruz,Patagonia,2022,Histórico,historico,332580,211349,23.32,7756.0,9977,2221.0,77.73,20.76,5.12,1.0,5.0,4.0
Santa Cruz,Patagonia,2023,Histórico,historico,335605,213271,23.57,7910.0,10068,2158.0,78.57,21.19,5.32,1.0,4.0,12.0
Santa Cruz,Patagonia,2024,Histórico,historico,338171,214902,23.11,7815.0,10145,2330.0,77.03,21.88,5.67,1.0,4.0,675.0
Santa Cruz,Patagonia,2025,Proyectado,optimista,341492,217012,23.0372655952381,7867.0,10245,2378.0,76.79,24.132899999999964,4.315999999999576,1.15,7.5,544.0
Santa Cruz,Patagonia,2026,Proyectado,optimista,344573,218971,23.011705595238098,7929.0,10337,2408.0,76.71,24.474999999999877,3.6379999999996926,1.15,9.0,679.0
Santa Cruz,Patagonia,2027,Proyectado,optimista,347654,220929,23.01813511904762,8002.0,10430,2428.0,76.73,24.81709999999979,2.959999999999809,1.15,9.0,814.0
Santa Cruz,Patagonia,2028,Proyectado,optimista,350736,222887,23.01102678571429,8071.0,10522,2451.0,76.7,25.159199999999704,2.281999999999698,1.15,10.5,949.0
Santa Cruz,Patagonia,2029,Proyectado,optimista,353817,224845,23.011026785714293,8142.0,10615,2473.0,76.7,25.50129999999962,1.6039999999998145,1.15,10.5,1084.0
Santa Cruz,Patagonia,2030,Proyectado,optimista,356899,226804,22.95202845238095,8192.0,10707,2515.0,76.51,25.843399999999534,1.0,1.15,12.0,1219.0
Santa Cruz,Patagonia,2025,Proyectado,pesimista,341492,217012,23.08465978174603,7883.0,10245,2362.0,76.95,21.938999999999965,5.179199999999491,1.0,4.25,816.0
Santa Cruz,Patagonia,2026,Proyectado,pesimista,344573,218971,23.063491805555554,7947.0,10337,2390.0,76.88,22.249999999999886,4.365599999999631,1.0,5.1,1018.5
Santa Cruz,Patagonia,2027,Proyectado,pesimista,347654,220929,23.002527162698406,7997.0,10430,2433.0,76.68,22.560999999999808,3.551999999999771,1.0,5.1,1221.0
Santa Cruz,Patagonia,2028,Proyectado,pesimista,350736,222887,22.979132876984128,8060.0,10522,2462.0,76.6,22.87199999999973,2.7383999999996376,1.0,5.95,1423.5
Santa Cruz,Patagonia,2029,Proyectado,pesimista,353817,224845,22.976882876984128,8130.0,10615,2485.0,76.59,23.18299999999965,1.9247999999997774,1.0,5.95,1626.0
Santa Cruz,Patagonia,2030,Proyectado,pesimista,356899,226804,22.967786071428577,8197.0,10707,2510.0,76.56,23.493999999999573,1.2,1.0,6.8,1828.5
Santa Fe,Centro,2025,Proyectado,base,3599037,2296398,22.589735198412686,81301.0,107971,26670.0,75.3,26.047999999999888,5.475999999999203,8.0,74.0,145840.0
Santa Fe,Centro,2026,Proyectado,base,3632890,2317999,22.539894742063485,81885.0,108987,27102.0,75.13,26.53999999999985,4.489999999999327,8.0,83.0,181811.0
Santa Fe,Centro,2027,Proyectado,base,3666743,2339599,22.629900277777775,82978.0,110002,27024.0,75.43,27.031999999999698,3.5039999999994507,9.0,91.0,217782.0
Santa Fe,Centro,2028,Proyectado,base,3700596,2361199,22.62524611111111,83727.0,111018,27291.0,75.42,27.52399999999966,2.5179999999995744,9.0,100.0,253754.0
Santa Fe,Centro,2029,Proyectado,base,3734448,2382799,22.705748234126983,84793.0,112033,27240.0,75.69,28.015999999999508,1.5319999999999254,10.0,109.0,289725.0
Santa Fe,Centro,2030,Proyectado,base,3768301,2404399,22.705234305555553,85560.0,113049,27489.0,75.68,28.50799999999947,1.0,10.0,117.0,325696.0
Santa Fe,Centro,2015,Histórico,historico,3292846,2101030,20.98,69084.0,98785,29701.0,69.93,21.94,7.98,5.0,52.0,6.0
Santa Fe,Centro,2016,Histórico,historico,3311306,2112809,21.74,71988.0,99339,27351.0,72.47,22.21,8.1,5.0,46.0,176.0
Santa Fe,Centro,2017,Histórico,historico,3326114,2122257,21.55,71678.0,99783,28105.0,71.83,23.15,8.24,5.0,50.0,174.0
Santa Fe,Centro,2018,Histórico,historico,3394197,2165698,21.99,74638.0,101826,27188.0,73.3,23.35,7.49,5.0,47.0,22.0
Santa Fe,Centro,2019,Histórico,historico,3400415,2169666,19.96,67872.0,102012,34140.0,66.53,23.3,8.76,5.0,46.0,495.0
Santa Fe,Centro,2020,Histórico,historico,3435273,2191907,18.82,64652.0,103058,38406.0,62.73,24.15,10.31,5.0,33.0,4670.0
Santa Fe,Centro,2021,Histórico,historico,3466348,2211735,17.2,59621.0,103990,44369.0,57.33,23.45,10.12,6.0,27.0,76.0
Santa Fe,Centro,2022,Histórico,historico,3489506,2226511,22.7,79212.0,104685,25473.0,75.67,24.69,8.02,7.0,54.0,28.0
Santa Fe,Centro,2023,Histórico,historico,3517105,2244121,23.11,81280.0,105513,24233.0,77.03,24.47,6.56,7.0,70.0,595.0
Santa Fe,Centro,2024,Histórico,historico,3579159,2283715,22.37,80066.0,107375,27309.0,74.57,26.1,7.16,7.0,55.0,184266.0
Santa Fe,Centro,2025,Proyectado,optimista,3599037,2296398,22.585632420634916,81287.0,107971,26684.0,75.29,28.65279999999988,5.475999999999203,9.2,111.0,145840.0
Santa Fe,Centro,2026,Proyectado,optimista,3632890,2317999,22.539894742063485,81885.0,108987,27102.0,75.13,29.193999999999836,4.489999999999327,9.2,124.5,181811.0
Santa Fe,Centro,2027,Proyectado,optimista,3666743,2339599,22.629900277777764,82978.0,110002,27024.0,75.43,29.73519999999967,3.5039999999994507,10.35,136.5,217782.0
Santa Fe,Centro,2028,Proyectado,optimista,3700596,2361199,22.612512777777773,83680.0,111018,27338.0,75.38,30.27639999999963,2.5179999999995744,10.35,150.0,253754.0
Santa Fe,Centro,2029,Proyectado,optimista,3734448,2382799,22.733549900793648,84897.0,112033,27136.0,75.78,30.817599999999462,1.5319999999999254,11.5,163.5,289725.0
Santa Fe,Centro,2030,Proyectado,optimista,3768301,2404399,22.736469305555556,85678.0,113049,27371.0,75.79,31.35879999999942,1.0,11.5,175.5,325696.0
Santa Fe,Centro,2025,Proyectado,pesimista,3599037,2296398,22.486822222222205,80931.0,107971,27040.0,74.96,26.047999999999888,6.571199999999044,8.0,62.9,218760.0
Santa Fe,Centro,2026,Proyectado,pesimista,3632890,2317999,22.50861501984126,81771.0,108987,27216.0,75.03,26.53999999999985,5.3879999999991925,8.0,70.55,272716.5
Santa Fe,Centro,2027,Proyectado,pesimista,3666743,2339599,22.634003055555553,82993.0,110002,27009.0,75.45,27.031999999999698,4.204799999999341,9.0,77.35,326673.0
Santa Fe,Centro,2028,Proyectado,pesimista,3700596,2361199,22.625246111111114,83727.0,111018,27291.0,75.42,27.52399999999966,3.021599999999489,9.0,85.0,380631.0
Santa Fe,Centro,2029,Proyectado,pesimista,3734448,2382799,22.705748234126972,84793.0,112033,27240.0,75.69,28.015999999999508,1.8383999999999103,10.0,92.64999999999999,434587.5
Santa Fe,Centro,2030,Proyectado,pesimista,3768301,2404399,22.70523430555555,85560.0,113049,27489.0,75.68,28.50799999999947,1.2,10.0,99.45,488544.0
Santiago del Estero,NOA,2025,Proyectado,base,1061310,675446,17.837453387445898,18931.0,31839,12908.0,59.46,16.527000000000157,6.939000000000306,3.0,23.0,45478.0
Santiago del Estero,NOA,2026,Proyectado,base,1070431,681252,18.05252011904763,19324.0,32113,12789.0,60.18,16.70400000000012,5.890000000000327,3.0,27.0,56794.0
Santiago del Estero,NOA,2027,Proyectado,base,1079553,687057,18.11767000000001,19559.0,32387,12828.0,60.39,16.881000000000085,4.841000000000349,3.0,30.0,68109.0
Santiago del Estero,NOA,2028,Proyectado,base,1088674,692862,18.142795119047634,19752.0,32660,12908.0,60.48,17.05800000000005,3.792000000000371,3.0,34.0,79424.0
Santiago del Estero,NOA,2029,Proyectado,base,1097796,698667,18.17753392857143,19955.0,32934,12979.0,60.59,17.23500000000007,2.7430000000008476,3.0,37.0,90740.0
Santiago del Estero,NOA,2030,Proyectado,base,1106918,704472,18.239821428571435,20190.0,33208,13018.0,60.8,17.412000000000035,1.6940000000008695,3.0,40.0,102055.0
Santiago del Estero,NOA,2015,Histórico,historico,977028,621807,15.99,15623.0,29311,13688.0,53.3,14.57,9.42,2.0,10.0,139.0
Santiago del Estero,NOA,2016,Histórico,historico,981658,624754,15.96,15667.0,29450,13783.0,53.2,14.97,10.72,2.0,15.0,52.0
Santiago del Estero,NOA,2017,Histórico,historico,993755,632453,15.75,15652.0,29813,14161.0,52.5,15.05,8.47,2.0,12.0,110.0
Santiago del Estero,NOA,2018,Histórico,historico,995638,633651,16.54,16468.0,29869,13401.0,55.13,15.77,8.68,2.0,18.0,232.0
Santiago del Estero,NOA,2019,Histórico,historico,1005059,639647,15.75,15830.0,30152,14322.0,52.5,15.79,8.42,3.0,16.0,4.0
Santiago del Estero,NOA,2020,Histórico,historico,1013376,644940,13.61,13792.0,30401,16609.0,45.37,15.48,12.05,3.0,6.0,53.0
Santiago del Estero,NOA,2021,Histórico,historico,1026844,653512,13.83,14201.0,30805,16604.0,46.1,16.05,12.15,3.0,7.0,396.0
Santiago del Estero,NOA,2022,Histórico,historico,1035513,659029,16.53,17117.0,31065,13948.0,55.1,15.82,8.65,3.0,18.0,4.0
Santiago del Estero,NOA,2023,Histórico,historico,1043170,663902,15.29,15950.0,31295,15345.0,50.97,16.48,9.4,3.0,17.0,765.0
Santiago del Estero,NOA,2024,Histórico,historico,1050821,668771,15.95,16761.0,31525,14764.0,53.17,16.15,8.18,3.0,18.0,56445.0
Santiago del Estero,NOA,2025,Proyectado,optimista,1061310,675446,17.982687673160186,19085.0,31839,12754.0,59.94,18.179700000000174,6.939000000000306,3.4499999999999997,34.5,45478.0
Santiago del Estero,NOA,2026,Proyectado,optimista,1070431,681252,18.250256309523824,19536.0,32113,12577.0,60.83,18.374400000000136,5.890000000000327,3.4499999999999997,40.5,56794.0
Santiago del Estero,NOA,2027,Proyectado,optimista,1079553,687057,18.31680547619049,19774.0,32387,12613.0,61.06,18.569100000000095,4.841000000000349,3.4499999999999997,45.0,68109.0
Santiago del Estero,NOA,2028,Proyectado,optimista,1088674,692862,18.35400226190478,19982.0,32660,12678.0,61.18,18.763800000000057,3.792000000000371,3.4499999999999997,51.0,79424.0
Santiago del Estero,NOA,2029,Proyectado,optimista,1097796,698667,18.365425595238104,20161.0,32934,12773.0,61.22,18.95850000000008,2.7430000000008476,3.4499999999999997,55.5,90740.0
Santiago del Estero,NOA,2030,Proyectado,optimista,1106918,704472,18.412169761904774,20381.0,33208,12827.0,61.37,19.15320000000004,1.6940000000008695,3.4499999999999997,60.0,102055.0
Santiago del Estero,NOA,2025,Proyectado,pesimista,1061310,675446,16.33735426046177,17339.0,31839,14500.0,54.46,16.527000000000157,8.326800000000366,3.0,19.55,68217.0
Santiago del Estero,NOA,2026,Proyectado,pesimista,1070431,681252,17.88902255952382,19149.0,32113,12964.0,59.63,16.70400000000012,7.068000000000393,3.0,22.95,85191.0
Santiago del Estero,NOA,2027,Proyectado,pesimista,1079553,687057,18.122056904761916,19564.0,32387,12823.0,60.41,16.881000000000085,5.809200000000419,3.0,25.5,102163.5
Santiago del Estero,NOA,2028,Proyectado,pesimista,1088674,692862,18.142795119047626,19752.0,32660,12908.0,60.48,17.05800000000005,4.550400000000445,3.0,28.9,119136.0
Santiago del Estero,NOA,2029,Proyectado,pesimista,1097796,698667,18.17753392857143,19955.0,32934,12979.0,60.59,17.23500000000007,3.2916000000010173,3.0,31.45,136110.0
Santiago del Estero,NOA,2030,Proyectado,pesimista,1106918,704472,18.23982142857143,20190.0,33208,13018.0,60.8,17.412000000000035,2.032800000001043,3.0,34.0,153082.5
Tierra del Fuego,Patagonia,2025,Proyectado,base,192501,124803,23.252274067460306,4476.0,5775,1299.0,77.51,22.299000000000433,4.128999999999223,1.0,4.0,383.0
Tierra del Fuego,Patagonia,2026,Proyectado,base,194212,125912,23.25468501984126,4516.0,5826,1310.0,77.52,22.946000000000367,3.331999999999198,1.0,4.0,478.0
Tierra del Fuego,Patagonia,2027,Proyectado,base,195923,127021,23.231109126984116,4552.0,5878,1326.0,77.44,23.593000000000302,2.5349999999991724,1.0,4.0,573.0
Tierra del Fuego,Patagonia,2028,Proyectado,base,197634,128130,23.163786031746017,4578.0,5929,1351.0,77.21,24.240000000000236,1.737999999999147,1.0,4.0,668.0
Tierra del Fuego,Patagonia,2029,Proyectado,base,199345,129240,23.159561031746016,4617.0,5980,1363.0,77.2,24.88700000000017,1.0,1.0,5.0,763.0
Tierra del Fuego,Patagonia,2030,Proyectado,base,201056,130349,23.156077698412677,4656.0,6032,1376.0,77.19,25.534000000000106,1.0,1.0,5.0,858.0
Tierra del Fuego,Patagonia,2015,Histórico,historico,176494,114425,22.63,3994.0,5295,1301.0,75.43,18.41,5.67,1.0,2.0,0.0
Tierra del Fuego,Patagonia,2016,Histórico,historico,178460,115699,22.49,4014.0,5354,1340.0,74.97,18.88,7.17,1.0,3.0,1.0
Tierra del Fuego,Patagonia,2017,Histórico,historico,179450,116341,22.83,4097.0,5384,1287.0,76.1,19.0,6.36,1.0,2.0,1.0
Tierra del Fuego,Patagonia,2018,Histórico,historico,180686,117142,23.14,4181.0,5421,1240.0,77.13,19.82,6.53,1.0,3.0,1.0
Tierra del Fuego,Patagonia,2019,Histórico,historico,182259,118162,22.01,4012.0,5468,1456.0,73.37,19.45,6.26,1.0,4.0,1.0
Tierra del Fuego,Patagonia,2020,Histórico,historico,184237,119445,18.33,3377.0,5527,2150.0,61.1,18.9,9.07,1.0,2.0,4.0
Tierra del Fuego,Patagonia,2021,Histórico,historico,185520,120276,18.3,3395.0,5566,2171.0,61.0,19.98,7.37,1.0,1.0,0.0
Tierra del Fuego,Patagonia,2022,Histórico,historico,187361,121470,23.64,4429.0,5621,1192.0,78.8,20.46,4.61,1.0,4.0,1.0
Tierra del Fuego,Patagonia,2023,Histórico,historico,188340,122105,23.2,4369.0,5650,1281.0,77.33,20.65,5.56,1.0,4.0,5.0
Tierra del Fuego,Patagonia,2024,Histórico,historico,191382,124077,23.4,4478.0,5741,1263.0,78.0,21.8,5.99,1.0,2.0,477.0
Tierra del Fuego,Patagonia,2025,Proyectado,optimista,192501,124803,23.213511805555555,4469.0,5775,1306.0,77.38,24.52890000000048,4.128999999999223,1.15,6.0,383.0
Tierra del Fuego,Patagonia,2026,Proyectado,optimista,194212,125912,23.21694942460316,4509.0,5826,1317.0,77.39,25.240600000000406,3.331999999999198,1.15,6.0,478.0
Tierra del Fuego,Patagonia,2027,Proyectado,optimista,195923,127021,23.19681853174602,4545.0,5878,1333.0,77.32,25.952300000000335,2.5349999999991724,1.15,6.0,573.0
Tierra del Fuego,Patagonia,2028,Proyectado,optimista,197634,128130,23.183033531746013,4582.0,5929,1347.0,77.28,26.66400000000026,1.737999999999147,1.15,6.0,668.0
Tierra del Fuego,Patagonia,2029,Proyectado,optimista,199345,129240,23.17487519841268,4620.0,5980,1360.0,77.25,27.37570000000019,1.0,1.15,7.5,763.0
Tierra del Fuego,Patagonia,2030,Proyectado,optimista,201056,130349,23.171775198412682,4659.0,6032,1373.0,77.24,28.08740000000012,1.0,1.15,7.5,858.0
Tierra del Fuego,Patagonia,2025,Proyectado,pesimista,192501,124803,23.2519604563492,4476.0,5775,1299.0,77.51,22.299000000000433,4.954799999999068,1.0,3.4,574.5
Tierra del Fuego,Patagonia,2026,Proyectado,pesimista,194212,125912,23.245496408730148,4515.0,5826,1311.0,77.48,22.946000000000367,3.9983999999990374,1.0,3.4,717.0
Tierra del Fuego,Patagonia,2027,Proyectado,pesimista,195923,127021,23.221920515873002,4550.0,5878,1328.0,77.41,23.593000000000302,3.041999999999007,1.0,3.4,859.5
Tierra del Fuego,Patagonia,2028,Proyectado,pesimista,197634,128130,23.159210198412683,4577.0,5929,1352.0,77.2,24.240000000000236,2.0855999999989763,1.0,3.4,1002.0
Tierra del Fuego,Patagonia,2029,Proyectado,pesimista,199345,129240,23.141286031746017,4613.0,5980,1367.0,77.14,24.88700000000017,1.2,1.0,4.25,1144.5
Tierra del Fuego,Patagonia,2030,Proyectado,pesimista,201056,130349,23.124731865079347,4649.0,6032,1383.0,77.08,25.534000000000106,1.2,1.0,4.25,1287.0
Tucumán,NOA,2025,Proyectado,base,1719990,1101877,17.87083422619048,30738.0,51600,20862.0,59.57,16.68000000000012,6.564999999999145,10.0,43.0,200732.0
Tucumán,NOA,2026,Proyectado,base,1735745,1111970,18.06972500000001,31364.0,52072,20708.0,60.23,16.768000000000114,5.441999999999098,10.0,49.0,250852.0
Tucumán,NOA,2027,Proyectado,base,1751500,1122063,18.32206095238095,32091.0,52545,20454.0,61.07,16.85600000000011,4.318999999999505,10.0,55.0,300972.0
Tucumán,NOA,2028,Proyectado,base,1767255,1132156,18.43010845238095,32571.0,53018,20447.0,61.43,16.944000000000102,3.195999999999458,10.0,61.0,351091.0
Tucumán,NOA,2029,Proyectado,base,1783010,1142250,19.280288809523807,34377.0,53490,19113.0,64.27,17.032000000000096,2.0729999999994106,11.0,67.0,401211.0
Tucumán,NOA,2030,Proyectado,base,1798765,1152343,19.80537595238095,35625.0,53963,18338.0,66.02,17.12000000000009,1.0,11.0,73.0,451331.0
Tucumán,NOA,2015,Histórico,historico,1568386,1004755,16.22,25439.0,47052,21613.0,54.07,15.06,8.03,7.0,19.0,281.0
Tucumán,NOA,2016,Histórico,historico,1582674,1013908,15.2,24057.0,47480,23423.0,50.67,14.88,8.1,7.0,24.0,93.0
Tucumán,NOA,2017,Histórico,historico,1599330,1024578,16.93,27077.0,47980,20903.0,56.43,14.89,8.17,7.0,23.0,395.0
Tucumán,NOA,2018,Histórico,historico,1614368,1034212,17.32,27961.0,48431,20470.0,57.73,15.19,8.55,7.0,18.0,4.0
Tucumán,NOA,2019,Histórico,historico,1626680,1042100,16.03,26076.0,48800,22724.0,53.43,15.72,9.48,8.0,19.0,5.0
Tucumán,NOA,2020,Histórico,historico,1643140,1052644,12.12,19915.0,49294,29379.0,40.4,16.2,12.4,8.0,14.0,104.0
Tucumán,NOA,2021,Histórico,historico,1657817,1062047,13.49,22364.0,49735,27371.0,44.97,16.4,12.28,8.0,15.0,46.0
Tucumán,NOA,2022,Histórico,historico,1673815,1072296,16.11,26965.0,50214,23249.0,53.7,16.51,7.93,9.0,28.0,347.0
Tucumán,NOA,2023,Histórico,historico,1676055,1073731,16.31,27336.0,50282,22946.0,54.37,16.26,8.27,9.0,35.0,1280.0
Tucumán,NOA,2024,Histórico,historico,1712796,1097268,16.96,29049.0,51384,22335.0,56.53,16.71,8.79,9.0,34.0,250086.0
Tucumán,NOA,2025,Proyectado,optimista,1719990,1101877,17.99780136904761,30956.0,51600,20644.0,59.99,18.348000000000134,6.564999999999145,11.5,64.5,200732.0
Tucumán,NOA,2026,Proyectado,optimista,1735745,1111970,18.22859047619048,31640.0,52072,20432.0,60.76,18.44480000000013,5.441999999999098,11.5,73.5,250852.0
Tucumán,NOA,2027,Proyectado,optimista,1751500,1122063,18.48426035714285,32375.0,52545,20170.0,61.61,18.54160000000012,4.318999999999505,11.5,82.5,300972.0
Tucumán,NOA,2028,Proyectado,optimista,1767255,1132156,18.584213869047623,32843.0,53018,20175.0,61.95,18.638400000000114,3.195999999999458,11.5,91.5,351091.0
Tucumán,NOA,2029,Proyectado,optimista,1783010,1142250,19.41200797619047,34612.0,53490,18878.0,64.71,18.735200000000106,2.0729999999994106,12.649999999999999,100.5,401211.0
Tucumán,NOA,2030,Proyectado,optimista,1798765,1152343,20.011812857142854,35997.0,53963,17966.0,66.71,18.8320000000001,1.0,12.649999999999999,109.5,451331.0
Tucumán,NOA,2025,Proyectado,pesimista,1719990,1101877,16.80720958333333,28908.0,51600,22692.0,56.02,16.68000000000012,7.877999999998973,10.0,36.55,301098.0
Tucumán,NOA,2026,Proyectado,pesimista,1735745,1111970,17.942048392857142,31143.0,52072,20929.0,59.81,16.768000000000114,6.5303999999989175,10.0,41.65,376278.0
Tucumán,NOA,2027,Proyectado,pesimista,1751500,1122063,18.318008571428575,32084.0,52545,20461.0,61.06,16.85600000000011,5.182799999999406,10.0,46.75,451458.0
Tucumán,NOA,2028,Proyectado,pesimista,1767255,1132156,18.424006071428572,32560.0,53018,20458.0,61.41,16.944000000000102,3.8351999999993494,10.0,51.85,526636.5
Tucumán,NOA,2029,Proyectado,pesimista,1783010,1142250,19.280288809523803,34377.0,53490,19113.0,64.27,17.032000000000096,2.4875999999992926,11.0,56.949999999999996,601816.5
Tucumán,NOA,2030,Proyectado,pesimista,1798765,1152343,19.80537595238095,35625.0,53963,18338.0,66.02,17.12000000000009,1.2,11.0,62.05,676996.5
